cheating	-
abandon	-
abandoned	-
abandoning	-
abandonment	-
abandonments	-
abandons	-
abase	-
abasement	-
abash	-
abate	-
abdicate	-
abdicated	-
abdicates	-
abdicating	-
abdication	-
abdications	-
aberrant	-
aberration	-
aberrational	-
aberrations	-
abetting	-
abhor	-
abhorred	-
abhorrence	-
abhorrent	-
abhorrently	-
abhors	-
abidance	+
abide	+
abilities	+
ability	+
abject	-
abjectly	-
abjure	-
able	+
abnormal	-
abnormalities	-
abnormality	-
abnormally	-
abolish	-
abolished	-
abolishes	-
abolishing	-
abominable	-
abominably	-
abominate	-
abomination	-
abound	+
above	+
above-average	+
abrade	-
abrasive	-
abrupt	-
abruptly	-
abruptness	-
abscond	-
absence	-
absences	-
absent-minded	-
absentee	-
absenteeism	-
absolute	=
absolutely	=
absolve	+
absorbed	=
absurd	-
absurdity	-
absurdly	-
absurdness	-
abundance	+
abundant	+
abuse	-
abused	-
abuses	-
abusing	-
abusive	-
abusively	-
abusiveness	-
abysmal	-
abysmally	-
abyss	-
accede	+
accentuate	=
accept	+
acceptable	+
acceptance	+
accessible	+
accident	-
accidental	-
accidentally	-
accidents	-
acclaim	+
acclaimed	+
acclamation	+
accolade	+
accolades	+
accommodative	+
accomplish	+
accomplished	+
accomplishes	+
accomplishing	+
accomplishment	+
accomplishments	+
accord	+
accordance	+
accordantly	+
accost	-
accountable	-
accurate	+
accurately	+
accursed	-
accusation	-
accusations	-
accuse	-
accused	-
accuses	-
accusing	-
accusingly	-
acerbate	-
acerbic	-
acerbically	-
ache	-
achievable	+
achieve	+
achieved	+
achievement	+
achievements	+
achieves	+
achieving	+
acknowledge	+
acknowledgement	+
acquiesce	-
acquiesced	-
acquiesces	-
acquiescing	-
acquit	+
acrid	-
acridly	-
acridness	-
acrimonious	-
acrimoniously	-
acrimony	-
active	+
activist	=
actual	=
actuality	=
actually	=
acumen	+
adamant	-
adamantly	-
adaptability	+
adaptable	+
adaptive	+
addict	-
addiction	-
adept	+
adeptly	+
adequate	+
adequately	+
adherence	+
adherent	+
adhesion	+
admirable	+
admirably	+
admiration	+
admire	+
admirer	+
admiring	+
admiringly	+
admission	+
admit	+
admittedly	+
admonish	-
admonisher	-
admonishingly	-
admonishment	-
admonition	-
adolescents	=
adorable	+
adore	+
adored	+
adorer	+
adoring	+
adoringly	+
adrift	-
adroit	+
adroitly	+
adulate	+
adulation	+
adulatory	+
adulterate	-
adulterated	-
adulterating	-
adulteration	-
adulterations	-
advanced	+
advancement	+
advancements	+
advances	+
advancing	+
advantage	+
advantaged	+
advantageous	+
advantageously	+
advantages	+
adventure	+
adventuresome	+
adventurism	+
adventurous	+
adversarial	-
adversaries	-
adversary	-
adverse	-
adversely	-
adversities	-
adversity	-
advice	+
advisable	+
advocacy	+
advocate	+
affability	+
affable	+
affably	+
affect	=
affectation	-
affected	=
affection	+
affectionate	+
affinity	+
affirm	+
affirmation	+
affirmative	+
afflict	-
affliction	-
afflictive	-
affluence	+
affluent	+
afford	+
affordable	+
affront	-
afloat	+
afraid	-
aftermath	-
aftermaths	-
against	-
aggravate	-
aggravated	-
aggravates	-
aggravating	-
aggravation	-
aggravations	-
aggression	-
aggressive	-
aggressiveness	-
aggressor	-
aggrieve	-
aggrieved	-
aghast	-
agile	+
agilely	+
agility	+
agitate	-
agitated	-
agitation	-
agitator	-
agonies	-
agonize	-
agonizing	-
agonizingly	-
agony	-
agree	+
agreeability	+
agreeable	+
agreeableness	+
agreeably	+
agreement	+
aha	=
ail	-
ailment	-
aimless	-
air	=
airs	-
alarm	-
alarmed	-
alarming	-
alarmingly	-
alas	-
alert	=
alerted	-
alerting	-
alienate	-
alienated	-
alienates	-
alienating	-
alienation	-
alienations	-
all-time	=
allay	+
allegation	-
allegations	-
allege	-
allegorize	=
allergic	-
alleviate	+
alliance	=
alliance	+
alliances	=
alliances	+
allow	+
allowable	+
allure	+
alluring	+
alluringly	+
allusion	=
allusions	=
ally	+
almighty	+
aloof	-
altercation	-
although	-
altogether	=
altruist	+
altruistic	+
altruistically	+
amaze	+
amazed	+
amazement	+
amazing	+
amazingly	+
ambiguity	-
ambiguous	-
ambitious	+
ambitiously	+
ambivalence	-
ambivalent	-
ambush	-
ameliorate	+
amenable	+
amenity	+
amiability	+
amiabily	+
amiable	+
amicability	+
amicable	+
amicably	+
amiss	-
amity	+
amnesty	+
amour	+
ample	+
amplify	=
amply	+
amputate	-
amuse	+
amusement	+
amusing	+
amusingly	+
analytical	=
anarchism	-
anarchist	-
anarchistic	-
anarchy	-
anemic	-
angel	+
angelic	+
anger	-
angrily	-
angriness	-
angry	-
anguish	-
animated	+
animosity	-
annihilate	-
annihilation	-
annoy	-
annoyance	-
annoyances	-
annoyed	-
annoying	-
annoyingly	-
annoys	-
annul	-
annulled	-
annulling	-
annulment	-
annulments	-
annuls	-
anomalous	-
anomaly	-
antagonism	-
antagonist	-
antagonistic	-
antagonize	-
anti-	-
anti-American	-
anti-Israeli	-
anti-Semites	-
anti-US	-
anti-occupation	-
anti-proliferation	-
anti-social	-
anti-white	-
anticompetitive	-
antipathy	-
antiquated	-
antithetical	-
anxieties	-
anxiety	-
anxious	-
anxiously	-
anxiousness	-
anyhow	=
anyway	=
anyways	=
apathetic	-
apathetically	-
apathy	-
ape	-
apocalypse	-
apocalyptic	-
apologist	-
apologists	-
apostle	+
apotheosis	+
appal	-
appall	-
appalled	-
appalling	-
appallingly	-
apparent	=
apparently	=
appeal	+
appealing	+
appear	=
appearance	=
appease	+
applaud	+
appreciable	+
appreciate	+
appreciation	+
appreciative	+
appreciatively	+
appreciativeness	+
apprehend	=
apprehension	-
apprehensions	-
apprehensive	-
apprehensively	-
appropriate	+
approval	+
approve	+
apt	+
aptitude	+
aptly	+
arbitrary	-
arcane	-
archaic	-
ardent	+
ardently	+
ardor	+
arduous	-
arduously	-
argue	-
argued	-
arguing	-
argument	-
argumentative	-
arguments	-
aristocratic	+
arousal	+
arouse	+
arousing	+
arrears	-
arrest	-
arrested	-
arresting	+
arrests	-
arrogance	-
arrogant	-
arrogantly	-
articulate	+
artificial	-
artificially	-
ascendant	+
ascertainable	+
ashamed	-
asinine	-
asininely	-
asinininity	-
askance	-
asperse	-
aspersion	-
aspersions	-
aspiration	+
aspirations	+
aspire	+
assail	-
assassin	-
assassinate	-
assault	-
assaulted	-
assaulting	-
assaults	-
assent	+
assertions	-
assertions	+
assertive	+
assess	=
assessment	=
assessments	=
asset	+
assiduous	+
assiduously	+
assuage	+
assumption	=
assurance	+
assurances	+
assure	+
assured	+
assuredly	+
assures	+
assuring	+
astonish	+
astonished	+
astonishing	+
astonishingly	+
astonishment	+
astound	+
astounded	+
astounding	+
astoundingly	+
astray	-
astronomic	=
astronomical	=
astronomically	=
astute	+
astutely	+
asunder	-
asylum	+
atrocious	-
atrocities	-
atrocity	-
atrophy	-
attack	-
attain	+
attainable	+
attained	+
attaining	+
attainment	+
attainments	+
attains	+
attentive	+
attest	+
attitude	=
attitudes	=
attraction	+
attractive	+
attractively	+
attractiveness	+
attrition	-
attune	+
audacious	-
audaciously	-
audaciousness	-
audacity	-
auspicious	+
austere	-
authentic	+
authoritarian	-
authoritative	+
autocrat	-
autocratic	-
autonomous	+
avalanche	-
avarice	-
avaricious	-
avariciously	-
avenge	-
aver	+
averse	-
aversely	-
aversion	-
avid	+
avidly	+
avoid	-
avoidance	-
award	+
aware	=
awareness	=
awe	+
awed	+
awesome	+
awesomely	+
awesomeness	+
awestruck	+
awful	-
awfully	-
awfulness	-
awkward	-
awkwardness	-
ax	-
babble	-
baby	=
back	+
backbite	-
backbiting	-
backbone	+
backdating	-
backward	-
backwardness	-
bad	-
badly	-
baffle	-
baffled	-
bafflement	-
baffling	-
bailout	-
bait	-
balanced	+
balk	-
balked	-
banal	-
banalize	-
bane	-
banish	-
banishment	-
bankrupt	-
bankruptcies	-
bankruptcy	-
bankrupted	-
bankrupting	-
bankrupts	-
bans	-
bar	-
barbarian	-
barbaric	-
barbarically	-
barbarity	-
barbarous	-
barbarously	-
barely	-
bargain	+
barred	-
barren	-
barrier	-
barriers	-
baseless	-
bashful	-
basic	+
basically	=
bask	+
bastard	-
batons	=
battered	-
battering	-
battle	-
battle-lines	-
battlefield	-
battleground	-
batty	-
beacon	+
bearish	-
beast	-
beastly	-
beatify	+
beauteous	+
beautiful	+
beautifully	+
beautify	+
beauty	+
bedlam	-
bedlamite	-
befit	+
befitting	+
befoul	-
befriend	+
beg	-
beggar	-
beggarly	-
begging	-
beguile	-
belabor	-
belated	-
beleaguer	-
belie	-
belief	=
beliefs	=
believable	+
believe	=
belittle	-
belittled	-
belittling	-
bellicose	-
belligerence	-
belligerent	-
belligerently	-
beloved	+
bemoan	-
bemoaning	-
bemused	-
benefactor	+
beneficent	+
beneficial	+
beneficially	+
beneficiary	+
benefit	+
benefited	+
benefiting	+
benefits	+
benefitted	+
benefitting	+
benevolence	+
benevolent	+
benign	+
bent	-
berate	-
bereave	-
bereavement	-
bereft	-
berserk	-
beseech	-
beset	-
besides	=
besiege	-
besmirch	-
best	+
best-known	+
best-performing	+
best-selling	+
bestial	-
betray	-
betrayal	-
betrayals	-
betrayer	-
better	+
better-known	+
better-than-expected	+
bewail	-
beware	-
bewilder	-
bewildered	-
bewildering	-
bewilderingly	-
bewilderment	-
bewitch	-
bias	-
biased	-
biases	-
bicker	-
bickering	-
bid-rigging	-
big	=
bitch	-
bitchy	-
biting	-
bitingly	-
bitter	-
bitterly	-
bitterness	-
bizarre	-
blab	-
blabber	-
black	-
blackmail	-
blah	-
blame	-
blameless	+
blameworthy	-
bland	-
blandish	-
blaspheme	-
blasphemous	-
blasphemy	-
blast	-
blasted	-
blatant	-
blatantly	-
blather	-
bleak	-
bleakly	-
bleakness	-
bleed	-
blemish	-
bless	+
blessing	+
blind	-
blinding	-
blindingly	-
blindness	-
blindside	-
bliss	+
blissful	+
blissfully	+
blister	-
blistering	-
blithe	+
bloated	-
block	-
blockhead	-
blood	-
blood	=
bloodshed	-
bloodthirsty	-
bloody	-
bloom	+
blossom	+
blow	-
blunder	-
blundering	-
blunders	-
blunt	-
blur	-
blurt	-
boast	-
boast	+
boastful	-
boggle	-
bogus	-
boil	-
boiling	-
boisterous	-
bold	+
boldly	+
boldness	+
bolster	+
bolstered	+
bolstering	+
bolsters	+
bomb	-
bombard	-
bombardment	-
bombastic	-
bondage	-
bonkers	-
bonny	+
bonus	+
boom	+
booming	+
boost	+
boosted	+
bore	-
boredom	-
boring	-
botch	-
bother	-
bothersome	-
bottleneck	-
bottlenecks	-
boundless	+
bountiful	+
bowdlerize	-
boycott	-
boycotted	-
boycotting	-
boycotts	-
brag	=
braggart	-
bragger	-
brains	+
brainwash	-
brainy	+
brash	-
brashly	-
brashness	-
brat	-
bravado	-
brave	+
bravery	+
brazen	-
brazenly	-
brazenness	-
breach	-
break	-
break-point	-
breakage	-
breakages	-
breakdown	-
breakdowns	-
breaking	-
breaks	-
breakthrough	+
breakthroughs	+
breathlessness	+
breathtaking	+
breathtakingly	+
bribe	-
bribed	-
briberies	-
bribery	-
bribes	-
bribing	-
bridge	-
bright	+
brighten	+
brightness	+
brilliance	+
brilliant	+
brilliantly	+
brimstone	-
brisk	+
bristle	-
brittle	-
broad	+
broad-based	=
broke	-
broken	-
broken-hearted	-
brood	-
brook	+
brotherly	+
browbeat	-
bruise	-
brusque	-
brutal	-
brutalising	-
brutalities	-
brutality	-
brutalize	-
brutalizing	-
brutally	-
brute	-
brutish	-
buckle	-
bug	-
bulky	-
bull	+
bullies	-
bullish	+
bully	-
bullyingly	-
bum	-
bumpy	-
bungle	-
bungler	-
bunk	-
buoyant	+
burden	-
burdened	-
burdening	-
burdens	-
burdensome	-
burdensomely	-
burn	-
burned	-
busy	-
busybody	-
butcher	-
butchery	-
byzantine	-
cackle	-
cajole	-
calamities	-
calamitous	-
calamitously	-
calamity	-
callous	-
calm	+
calming	+
calmness	+
calumniate	-
calumniation	-
calumnies	-
calumnious	-
calumniously	-
calumny	-
cancel	-
canceled	-
canceling	-
cancellation	-
cancellations	-
cancelled	-
cancelling	-
cancels	-
cancer	-
cancerous	-
candid	+
candor	+
cannibal	-
cannibalize	-
capability	+
capable	+
capably	+
capitalize	+
capitulate	-
capricious	-
capriciously	-
capriciousness	-
capsize	-
captivate	+
captivating	+
captivation	+
captive	-
care	+
carefree	+
careful	+
careless	-
carelessly	-
carelessness	-
caricature	-
carnage	-
carp	-
cartoon	-
cartoonish	-
cash-strapped	-
castigate	-
casualties	-
casualty	-
cataclysm	-
cataclysmal	-
cataclysmic	-
cataclysmically	-
catalyst	+
catastrophe	-
catastrophes	-
catastrophic	-
catastrophically	-
catchy	+
caustic	-
caustically	-
caution	-
cautionary	-
cautioned	-
cautioning	-
cautions	-
cautious	-
cave	-
cease	-
ceased	-
ceaseless	=
ceases	-
ceasing	-
celebrate	+
celebrated	+
celebration	+
celebratory	+
celebrity	+
censure	-
censured	-
censures	-
censuring	-
central	=
certain	=
certainly	=
certified	=
chafe	-
chaff	-
chagrin	-
challenge	-
challenged	-
challenges	-
challenging	-
champ	+
champion	+
chant	=
chaos	-
chaotic	-
chargeoffs	-
charisma	-
charismatic	+
charitable	+
charity	+
charm	+
charming	+
charmingly	+
chaste	+
chasten	-
chastise	-
chastisement	-
chatter	-
chatterbox	-
cheap	-
cheapen	-
cheat	-
cheater	-
cheer	+
cheerful	+
cheerless	-
cheery	+
cherish	+
cherished	+
cherub	+
chic	+
chide	-
childish	-
chill	-
chilly	-
chit	-
chivalrous	+
chivalry	+
choke	-
choppy	-
chore	-
chronic	-
chum	+
circumvent	-
circumvented	-
circumventing	-
circumvention	-
circumventions	-
circumvents	-
civil	+
civility	+
civilization	+
civilize	+
claim	=
claiming	-
clamor	-
clamorous	-
clandestine	=
clarity	+
clash	-
classic	+
clawback	-
clean	+
cleanliness	+
cleanse	+
clear	+
clear-cut	+
clearer	+
clearly	+
clever	+
cliche	-
cliched	-
clique	-
clog	-
close	-
closed	-
closeness	+
closeout	-
closeouts	-
closing	-
closings	-
closure	-
closures	-
cloud	-
clout	+
clumsy	-
co-operation	+
coarse	-
coax	+
cocky	-
coddle	+
coerce	-
coerced	-
coerces	-
coercing	-
coercion	-
coercive	-
cogent	+
cogitate	=
cognizance	=
cognizant	=
cohere	+
coherence	+
coherent	+
cohesion	+
cohesive	+
cold	-
coldly	-
collaborate	+
collaborated	+
collaborates	+
collaborating	+
collaboration	+
collaborations	+
collaborative	+
collaborator	+
collaborators	+
collapse	-
collapsed	-
collapses	-
collapsing	-
collide	-
collision	-
collisions	-
collude	-
colluded	-
colludes	-
colluding	-
collusion	-
collusions	-
collusive	-
colorful	+
colossal	+
combative	-
comeback	+
comedy	-
comely	+
comfort	+
comfortable	+
comfortably	+
comforting	+
comical	-
commend	+
commendable	+
commendably	+
commensurate	+
comment	=
commentator	=
commiserate	-
commitment	+
commodious	+
commonplace	-
commonsense	+
commonsensible	+
commonsensibly	+
commonsensical	+
commotion	-
compact	+
compassion	+
compassionate	+
compatible	+
compel	-
compelling	+
compensate	+
competence	+
competency	+
competent	+
competitive	+
competitiveness	+
complacent	-
complain	-
complained	-
complaining	-
complains	-
complaint	-
complaints	-
complement	+
complete	=
completely	=
complex	-
compliant	+
complicate	-
complicated	-
complicates	-
complicating	-
complication	-
complications	-
complicit	-
compliment	+
complimentary	+
complimented	+
complimenting	+
compliments	+
comprehend	=
comprehensive	+
compromise	+
compromises	+
compulsion	-
compulsive	-
compulsory	-
comrades	+
concealed	-
concealing	-
concede	-
conceded	-
concedes	-
conceding	-
conceit	-
conceited	-
conceivable	+
concern	-
concerned	-
concerning	=
concerns	-
concerted	=
concession	-
concessions	-
conciliate	+
conciliating	-
conciliation	-
conciliations	-
conciliatory	+
conclusive	+
conclusively	+
concrete	+
concur	+
condemn	-
condemnable	-
condemnation	-
condemnations	-
condemned	-
condemning	-
condemns	-
condescend	-
condescending	-
condescendingly	-
condescension	-
condolence	-
condolences	-
condone	-
condone	+
condoned	-
conducive	+
confer	+
confess	-
confessed	-
confesses	-
confessing	-
confession	-
confessions	-
confide	=
confidence	+
confident	+
confine	-
confined	-
confinement	-
confinements	-
confines	-
confining	-
confiscate	-
confiscated	-
confiscates	-
confiscating	-
confiscation	-
confiscations	-
conflict	-
conflicted	-
conflicting	-
conflicts	-
confound	-
confounded	-
confounding	-
confront	-
confrontation	-
confrontational	-
confrontations	-
confronted	-
confronting	-
confronts	-
confuse	-
confused	-
confusing	-
confusion	-
confute	+
congenial	+
congested	-
congestion	-
congratulate	+
congratulations	+
congratulatory	+
conjecture	=
conquer	+
conscience	=
conscience	+
conscientious	+
consciousness	=
consensus	+
consent	+
consequently	=
consider	=
considerable	=
considerably	=
considerate	+
consideration	=
consistent	+
console	+
conspicuous	-
conspicuously	-
conspiracies	-
conspiracy	-
conspirator	-
conspiratorial	-
conspirators	-
conspire	-
conspired	-
conspires	-
conspiring	-
constancy	+
consternation	-
constitutions	=
constrain	-
constraint	-
constructive	+
constructively	+
construe	-
construed	-
construes	-
construing	-
consume	-
consummate	+
contagious	-
contaminate	-
contamination	-
contemplate	=
contempt	-
contemptible	-
contemptuous	-
contemptuously	-
contend	-
contended	-
contending	-
contends	-
content	+
contention	-
contentions	-
contentious	-
contentiously	-
contentment	+
contested	-
contesting	-
continuity	+
continuous	=
contort	-
contortions	-
contraction	-
contractions	-
contradict	-
contradicted	-
contradicting	-
contradiction	-
contradictions	-
contradictory	-
contradicts	-
contrariness	-
contrary	-
contravene	-
contribution	+
contrive	-
contrived	-
controversial	-
controversies	-
controversy	-
convenient	+
conveniently	+
conviction	+
convince	+
convincing	+
convincingly	+
convoluted	-
cooperate	+
cooperation	+
cooperative	+
cooperatively	+
coping	-
cordial	+
cornerstone	+
correct	+
corrected	-
correcting	-
correction	-
corrections	-
corrective	=
correctly	+
corrects	-
corrode	-
corrosion	-
corrosive	-
corrupt	-
corrupted	-
corrupting	-
corruption	-
corruptions	-
corruptly	-
corruptness	-
cost-effective	+
cost-saving	+
costly	-
could	=
counterclaim	-
counterclaimed	-
counterclaiming	-
counterclaims	-
counterfeit	-
counterfeited	-
counterfeiter	-
counterfeiters	-
counterfeiting	-
counterfeits	-
countermeasure	-
countermeasures	-
counterproductive	-
coupists	-
courage	+
courageous	+
courageously	+
courageousness	+
court	+
courteous	+
courtesy	+
courtly	+
covenant	+
covert	=
covet	=
coveting	=
covetingly	=
covetous	-
covetously	=
cow	-
coward	-
cowardly	-
cozy	+
crackdown	-
crafty	-
cramped	-
cranky	-
crass	-
crave	+
craven	-
cravenly	-
craving	+
craze	-
crazily	-
craziness	-
crazy	-
creative	+
creatively	+
creativeness	+
creativity	+
credence	+
credible	+
credulous	-
crime	-
criminal	-
cringe	-
cripple	-
crippling	-
crises	-
crisis	-
crisp	+
critic	-
critical	-
critically	-
criticism	-
criticisms	-
criticize	-
criticized	-
criticizes	-
criticizing	-
critics	-
crook	-
crooked	-
cross	-
crowded	-
crucial	-
crucially	-
crude	-
cruel	-
cruelties	-
cruelty	-
crumble	-
crumple	-
crusade	+
crusader	+
crush	-
crushing	-
cry	-
culpability	-
culpable	-
culpably	-
cumbersome	-
cuplrit	-
cure-all	+
curious	+
curiously	+
curse	-
cursed	-
curses	-
cursory	-
curt	-
curtail	-
curtailed	-
curtailing	-
curtailment	-
curtailments	-
curtails	-
cuss	-
cut	-
cutback	-
cutbacks	-
cute	+
cutthroat	-
cynical	-
cynicism	-
damage	-
damaged	-
damages	-
damaging	-
damn	-
damnable	-
damnably	-
damnation	-
damned	-
damning	-
dampen	-
dampened	-
dance	+
danger	-
dangerous	-
dangerously	-
dangerousness	-
dangers	-
dangle	-
dare	+
daring	+
daringly	+
dark	-
darken	-
darkness	-
darling	+
darn	-
dash	-
dashing	+
dastard	-
dastardly	-
daunt	-
daunting	-
dauntingly	-
dauntless	+
dawdle	-
dawn	+
daydream	+
daydreamer	+
daze	-
dazed	-
dazzle	+
dazzled	+
dazzling	+
dead	-
deadbeat	-
deadlock	-
deadlocked	-
deadlocking	-
deadlocks	-
deadly	-
deadweight	-
deadweights	-
deaf	-
deal	+
dear	+
dearth	-
death	-
debacle	-
debarment	-
debarments	-
debarred	-
debase	-
debasement	-
debaser	-
debatable	-
debate	-
debauch	-
debaucher	-
debauchery	-
debilitate	-
debilitating	-
debility	-
decadence	-
decadent	-
decay	-
decayed	-
deceased	-
deceit	-
deceitful	-
deceitfully	-
deceitfulness	-
deceive	-
deceived	-
deceiver	-
deceivers	-
deceives	-
deceiving	-
decency	+
decent	+
deception	-
deceptions	-
deceptive	-
deceptively	-
decide	=
decisive	+
decisiveness	+
declaim	-
decline	-
declined	-
declines	-
declining	-
decrease	-
decreasing	-
decrement	-
decrepit	-
decrepitude	-
decry	-
dedicated	+
deduce	=
deep	-
deep	=
deepened	-
deepening	-
deepens	-
deeper	-
deepest	-
deeply	=
deface	-
defaced	-
defacement	-
defamation	-
defamations	-
defamatory	-
defame	-
defamed	-
defames	-
defaming	-
default	-
defaulted	-
defaulting	-
defaults	-
defeat	-
defeated	-
defeating	-
defeats	-
defect	-
defective	-
defects	-
defend	-
defend	+
defended	-
defender	+
defending	-
defends	-
defense	+
defensive	-
defer	-
deference	+
defiance	-
defiant	-
defiantly	-
deficiencies	-
deficiency	-
deficient	-
deficit	-
deficits	-
defile	-
defiler	-
definite	+
definitely	+
definitive	+
definitively	+
deflationary	+
deform	-
deformed	-
defraud	-
defrauded	-
defrauding	-
defrauds	-
deft	+
defunct	-
defy	-
degenerate	-
degenerately	-
degeneration	-
degradation	-
degradations	-
degrade	-
degraded	-
degrades	-
degrading	-
degradingly	-
dehumanization	-
dehumanize	-
deign	-
deject	-
dejected	-
dejectedly	-
dejection	-
delay	-
delayed	-
delaying	-
delays	-
delectable	+
deleterious	-
deliberate	-
deliberated	-
deliberately	-
delicacy	+
delicate	+
delicious	+
delight	+
delighted	+
delightful	+
delightfully	+
delightfulness	+
delighting	+
delights	+
delinquencies	-
delinquency	-
delinquent	-
delinquently	-
delinquents	-
delirious	-
delirium	-
delist	-
delisted	-
delisting	-
delists	-
delude	-
deluded	-
deluge	-
delusion	-
delusional	-
delusions	-
demand	=
demands	=
demean	-
demeaning	-
demise	-
demised	-
demises	-
demising	-
democratic	+
demolish	-
demolished	-
demolisher	-
demolishes	-
demolishing	-
demolition	-
demolitions	-
demon	-
demonic	-
demonize	-
demoralize	-
demoralizing	-
demoralizingly	-
demote	-
demoted	-
demotes	-
demoting	-
demotion	-
demotions	-
demystify	+
denial	-
denials	-
denied	-
denies	-
denigrate	-
denigrated	-
denigrates	-
denigrating	-
denigration	-
denounce	-
denunciate	-
denunciation	-
denunciations	-
deny	-
denying	-
dependability	+
dependable	+
dependent	=
deplete	-
depleted	-
depletes	-
depleting	-
depletion	-
depletions	-
deplorable	-
deplorably	-
deplore	-
deploring	-
deploringly	-
deprave	-
depraved	-
depravedly	-
deprecate	-
deprecation	-
depress	-
depressed	-
depresses	-
depressing	-
depressingly	-
depression	-
deprivation	-
deprive	-
deprived	-
deprives	-
depriving	-
derelict	-
dereliction	-
deride	-
derision	-
derisive	-
derisively	-
derisiveness	-
derogatory	-
desecrate	-
desert	-
desertion	-
deserve	+
deserved	+
deservedly	+
deserving	+
desiccate	-
desiccated	-
desirable	+
desire	+
desired	+
desirous	+
desolate	-
desolately	-
desolation	-
despair	-
despairing	-
despairingly	-
desperate	-
desperately	-
desperation	-
despicable	-
despicably	-
despise	-
despised	-
despite	-
despite	+
despoil	-
despoiler	-
despondence	-
despondency	-
despondent	-
despondently	-
despot	-
despotic	-
despotism	-
destabilisation	-
destabilization	-
destabilize	-
destabilized	-
destine	+
destined	+
destinies	+
destiny	=
destiny	+
destitute	-
destitution	-
destroy	-
destroyed	-
destroyer	-
destroying	-
destroys	-
destruction	-
destructive	-
desultory	-
detain	-
detained	-
detention	-
detentions	-
deter	-
deteriorate	-
deteriorated	-
deteriorates	-
deteriorating	-
deterioration	-
deteriorations	-
determination	+
deterred	-
deterrence	-
deterrences	-
deterrent	-
deterrents	-
deterring	-
deters	-
detest	-
detestable	-
detestably	-
detract	-
detracted	-
detracting	-
detraction	-
detriment	-
detrimental	-
detrimentally	-
detriments	-
devalue	-
devalued	-
devalues	-
devaluing	-
devastate	-
devastated	-
devastating	-
devastatingly	-
devastation	-
deviate	-
deviation	-
devil	-
devilish	-
devilishly	-
devilment	-
devilry	-
devious	-
deviously	-
deviousness	-
devoid	-
devolve	-
devolved	-
devolves	-
devolving	-
devote	+
devoted	+
devotee	+
devotion	+
devout	+
dexterity	+
dexterous	+
dexterously	+
dextrous	+
diabolic	-
diabolical	-
diabolically	-
diametrically	-
diatribe	-
diatribes	-
dictator	-
dictatorial	-
differ	-
difference	=
difficult	-
difficulties	-
difficultly	-
difficulty	-
diffidence	-
dig	-
dig	+
dignified	+
dignify	+
dignity	+
digress	-
dilapidated	-
dilemma	-
diligence	+
diligent	+
diligently	+
dilly-dally	-
dim	-
diminish	-
diminished	-
diminishes	-
diminishing	-
diminution	-
din	-
dinky	-
diplomacy	=
diplomatic	+
dire	-
direct	=
direly	-
direness	-
dirt	-
dirty	-
disable	-
disabled	-
disaccord	-
disadvantage	-
disadvantaged	-
disadvantageous	-
disadvantages	-
disaffect	-
disaffected	-
disaffirm	-
disagree	-
disagreeable	-
disagreeably	-
disagreed	-
disagreeing	-
disagreement	-
disagreements	-
disagrees	-
disallow	-
disallowance	-
disallowances	-
disallowed	-
disallowing	-
disallows	-
disappear	-
disappearance	-
disappearances	-
disappeared	-
disappearing	-
disappears	-
disappoint	-
disappointed	-
disappointing	-
disappointingly	-
disappointment	-
disappointments	-
disappoints	-
disapprobation	-
disapproval	-
disapprovals	-
disapprove	-
disapproved	-
disapproves	-
disapproving	-
disarm	-
disarray	-
disassociates	-
disassociating	-
disassociation	-
disassociations	-
disaster	-
disasters	-
disastrous	-
disastrously	-
disavow	-
disavowal	-
disavowed	-
disavowing	-
disavows	-
disbelief	-
disbelieve	-
disbeliever	-
discern	=
discerning	+
disciplinary	-
disclaim	-
disclaimed	-
disclaimer	-
disclaimers	-
disclaiming	-
disclaims	-
disclose	-
disclosed	-
discloses	-
disclosing	-
discombobulate	-
discomfit	-
discomfititure	-
discomfort	-
discompose	-
disconcert	-
disconcerted	-
disconcerting	-
disconcertingly	-
disconsolate	-
disconsolately	-
disconsolation	-
discontent	-
discontented	-
discontentedly	-
discontinuance	-
discontinuances	-
discontinuation	-
discontinuations	-
discontinue	-
discontinued	-
discontinues	-
discontinuing	-
discontinuity	-
discord	-
discordance	-
discordant	-
discountenance	-
discourage	-
discouraged	-
discouragement	-
discourages	-
discouraging	-
discouragingly	-
discourteous	-
discourteously	-
discredit	-
discredited	-
discrediting	-
discredits	-
discreet	+
discrepancies	-
discrepancy	-
discrepant	-
discretion	+
discriminate	-
discriminating	+
discriminatingly	+
discrimination	-
discriminatory	-
disdain	-
disdainful	-
disdainfully	-
disease	-
diseased	-
disfavor	-
disfavored	-
disfavoring	-
disfavors	-
disgorge	-
disgorged	-
disgorgement	-
disgorgements	-
disgorges	-
disgorging	-
disgrace	-
disgraced	-
disgraceful	-
disgracefully	-
disgruntle	-
disgruntled	-
disgust	-
disgusted	-
disgustedly	-
disgustful	-
disgustfully	-
disgusting	-
disgustingly	-
dishearten	-
disheartening	-
dishearteningly	-
dishonest	-
dishonestly	-
dishonesty	-
dishonor	-
dishonorable	-
dishonorablely	-
dishonorably	-
dishonored	-
dishonoring	-
dishonors	-
disillusion	-
disillusioned	-
disincentives	-
disinclination	-
disinclined	-
disingenuous	-
disingenuously	-
disintegrate	-
disintegration	-
disinterest	-
disinterested	-
disinterestedly	-
disinterestedness	-
dislike	-
dislocated	-
disloyal	-
disloyally	-
disloyalty	-
dismal	-
dismally	-
dismalness	-
dismay	-
dismayed	-
dismaying	-
dismayingly	-
dismiss	-
dismissal	-
dismissals	-
dismissed	-
dismisses	-
dismissing	-
dismissive	-
dismissively	-
disobedience	-
disobedient	-
disobey	-
disorder	-
disordered	-
disorderly	-
disorganized	-
disorient	-
disoriented	-
disown	-
disparage	-
disparaged	-
disparagement	-
disparagements	-
disparages	-
disparaging	-
disparagingly	-
disparities	-
disparity	-
dispensable	-
dispirit	-
dispirited	-
dispiritedly	-
dispiriting	-
displace	-
displaced	-
displacement	-
displacements	-
displaces	-
displacing	-
displease	-
displeasing	-
displeasure	-
dispose	-
disposition	=
dispossess	-
dispossessed	-
dispossesses	-
dispossessing	-
disproportion	-
disproportional	-
disproportionate	-
disproportionately	-
disprove	-
disputable	-
dispute	-
disputed	-
disputes	-
disputing	-
disqualification	-
disqualifications	-
disqualified	-
disqualifies	-
disqualify	-
disqualifying	-
disquiet	-
disquieting	-
disquietingly	-
disquietude	-
disregard	-
disregarded	-
disregardful	-
disregarding	-
disregards	-
disreputable	-
disrepute	-
disrespect	-
disrespectable	-
disrespectablity	-
disrespectful	-
disrespectfully	-
disrespectfulness	-
disrespecting	-
disrupt	-
disrupted	-
disrupting	-
disruption	-
disruptions	-
disruptive	-
disrupts	-
dissatisfaction	-
dissatisfactory	-
dissatisfied	-
dissatisfy	-
dissatisfying	-
dissemble	-
dissembler	-
dissension	-
dissent	-
dissented	-
dissenter	-
dissenters	-
dissenting	-
dissention	-
dissents	-
disservice	-
dissidence	-
dissident	-
dissidents	-
dissocial	-
dissolute	-
dissolution	-
dissolutions	-
dissonance	-
dissonant	-
dissonantly	-
dissuade	-
dissuasive	-
distaste	-
distasteful	-
distastefully	-
distinct	+
distinction	+
distinctions	+
distinctive	+
distinctively	+
distinctiveness	+
distinctly	=
distinguish	+
distinguished	+
distort	-
distorted	-
distorting	-
distortion	-
distortions	-
distorts	-
distract	-
distracted	-
distracting	-
distraction	-
distractions	-
distracts	-
distraught	-
distraughtly	-
distraughtness	-
distress	-
distressed	-
distressing	-
distressingly	-
distrust	-
distrustful	-
distrusting	-
disturb	-
disturbance	-
disturbances	-
disturbed	-
disturbed-let	-
disturbing	-
disturbingly	-
disturbs	-
disunity	-
disvalue	-
divergent	-
diversified	+
diversion	-
divert	-
diverted	-
diverting	-
diverts	-
divest	-
divested	-
divesting	-
divestiture	-
divestitures	-
divestment	-
divestments	-
divests	-
divide	-
divided	-
divine	+
divinely	+
division	-
divisive	-
divisively	-
divisiveness	-
divorce	-
divorced	-
divulge	-
divulged	-
divulges	-
divulging	-
dizzing	-
dizzingly	-
dizzy	-
doddering	-
dodge	+
dodgey	-
dogged	-
doggedly	-
dogmatic	-
doldrums	-
dominance	-
dominant	=
dominate	-
domination	-
domineer	-
domineering	-
doom	-
doomsday	-
dope	-
dote	+
dotingly	+
doubt	-
doubtful	-
doubtfully	-
doubtless	+
doubts	-
down	-
downbeat	-
downcast	-
downer	-
downfall	-
downfallen	-
downgrade	-
downgraded	-
downgrades	-
downgrading	-
downhearted	-
downheartedly	-
downright	=
downside	-
downsize	-
downsized	-
downsizes	-
downsizing	-
downsizings	-
downtime	-
downtimes	-
downturn	-
downturns	-
downward	-
downwards	-
drab	-
draconian	-
draconic	-
drag	-
dragon	-
dragons	-
dragoon	-
drain	-
drama	-
dramatic	=
dramatically	=
drastic	-
drastically	-
drawback	-
drawbacks	-
dread	-
dreadful	-
dreadfully	-
dreadfulness	-
dream	+
dreamland	+
dreams	+
dreamy	+
dreary	-
drive	+
driven	+
drones	-
droop	-
dropped	-
drought	-
droughts	-
drowning	-
drunk	-
drunkard	-
drunken	-
dubious	-
dubiously	-
dubitable	-
dud	-
dull	-
dullard	-
dumb	-
dumbfound	-
dumbfounded	-
dummy	-
dump	-
dunce	-
dungeon	-
dungeons	-
dupe	-
durability	+
durable	+
duress	-
dusty	-
duty	=
dwindle	-
dwindling	-
dying	-
dynamic	+
dysfunction	-
dysfunctional	-
dysfunctions	-
eager	+
eagerly	+
eagerness	+
earnest	+
earnestly	+
earnestness	+
earsplitting	-
ease	+
easier	+
easiest	+
easily	+
easiness	+
easing	-
easy	+
easygoing	+
ebullience	+
ebullient	+
ebulliently	+
eccentric	-
eccentricity	-
eclectic	+
economical	+
ecstasies	+
ecstasy	+
ecstatic	+
ecstatically	+
edgy	-
edify	+
educable	+
educated	+
educational	+
effective	+
effectively	=
effectiveness	+
effectual	+
efficacious	+
efficiencies	+
efficiency	+
efficient	+
efficiently	+
effigy	-
effortless	+
effortlessly	+
effrontery	-
effusion	+
effusive	+
effusively	+
effusiveness	+
egalitarian	+
ego	-
egocentric	-
egomania	-
egotism	-
egotistical	-
egotistically	-
egregious	-
egregiously	-
ejaculate	-
elaborate	=
elan	+
elate	+
elated	+
elatedly	+
elation	+
election-rigger	-
electrification	+
electrify	+
elegance	+
elegant	+
elegantly	+
elevate	+
elevated	+
eligible	+
eliminate	-
elimination	-
elite	+
eloquence	+
eloquent	+
eloquently	+
else	=
emaciated	-
emancipate	+
emasculate	-
embargo	-
embargoed	-
embargoes	-
embargoing	-
embarrass	-
embarrassed	-
embarrasses	-
embarrassing	-
embarrassingly	-
embarrassment	-
embarrassments	-
embattled	-
embellish	+
embezzle	-
embezzled	-
embezzlement	-
embezzlements	-
embezzler	-
embezzles	-
embezzling	-
embodiment	=
embolden	+
embrace	+
embroil	-
embroiled	-
embroilment	-
eminence	+
eminent	+
emotion	=
emotional	-
emotions	=
empathize	-
empathy	-
emphasise	=
emphatic	-
emphatically	-
empower	+
empowered	+
empowering	+
empowerment	+
empowers	+
emptiness	-
empty	-
enable	+
enabled	+
enables	+
enabling	+
enchant	+
enchanted	+
enchanting	+
enchantingly	+
encourage	+
encouraged	+
encouragement	+
encourages	+
encouraging	+
encouragingly	+
encroach	-
encroached	-
encroaches	-
encroaching	-
encroachment	-
encroachments	-
endanger	-
endangered	-
endangering	-
endangerment	-
endangers	-
endear	+
endearing	+
endless	-
endorse	+
endorsement	+
endorser	+
endurable	+
endure	+
enduring	+
enemies	-
enemy	-
energetic	+
energize	+
enervate	-
enfeeble	-
enflame	-
engage	=
engaging	+
engross	=
engrossing	+
engulf	-
enhance	+
enhanced	+
enhancement	+
enhancements	+
enhances	+
enhancing	+
enjoin	-
enjoined	-
enjoining	-
enjoins	-
enjoy	+
enjoyable	+
enjoyably	+
enjoyed	+
enjoying	+
enjoyment	+
enjoys	+
enlighten	+
enlightenment	+
enliven	+
enmity	-
ennoble	+
enormities	-
enormity	-
enormous	-
enormously	-
enough	=
enrage	-
enraged	-
enrapt	+
enrapture	+
enraptured	+
enrich	+
enrichment	+
enslave	-
ensure	+
entangle	-
entanglement	-
enterprising	+
entertain	+
entertaining	+
enthral	+
enthrall	+
enthralled	+
enthuse	+
enthusiasm	+
enthusiast	+
enthusiastic	+
enthusiastically	+
entice	+
enticing	+
enticingly	+
entire	=
entirely	=
entrance	+
entranced	+
entrancing	+
entrap	-
entrapment	-
entreat	+
entreatingly	+
entrenchment	=
entrust	+
enviable	+
enviably	+
envious	-
enviously	-
enviousness	-
envision	+
envisions	+
envy	-
epic	+
epidemic	-
epitome	+
equality	+
equitable	+
equivocal	-
eradicate	-
erase	-
erode	-
eroded	-
erodes	-
eroding	-
erosion	-
err	-
errant	-
erratic	-
erratically	-
erred	-
erring	-
erroneous	-
erroneously	-
error	-
errors	-
errs	-
erudite	+
escalate	-
escalated	-
escalates	-
escalating	-
escapade	-
eschew	-
esoteric	-
especially	+
essential	+
established	+
esteem	+
estranged	-
eternal	-
eternity	+
ethical	+
eulogize	+
euphoria	+
euphoric	+
euphorically	+
evade	-
evaded	-
evades	-
evading	-
evaluate	=
evaluation	=
evasion	-
evasions	-
evasive	-
even	+
evenly	+
eventful	+
everlasting	+
evict	-
evicted	-
evicting	-
eviction	-
evictions	-
evicts	-
evident	+
evidently	+
evil	-
evildoer	-
evils	-
eviscerate	-
evocative	+
exacerbate	-
exacerbated	-
exacerbates	-
exacerbating	-
exacerbation	-
exacerbations	-
exact	=
exacting	-
exactly	=
exaggerate	-
exaggerated	-
exaggerates	-
exaggerating	-
exaggeration	-
exalt	+
exaltation	+
exalted	+
exaltedly	+
exalting	+
exaltingly	+
exasperate	-
exasperating	-
exasperatingly	-
exasperation	-
exceed	+
exceeding	+
exceedingly	+
excel	+
excellence	+
excellency	+
excellent	+
excellently	+
excelling	+
excels	+
exceptional	+
exceptionally	+
excessive	-
excessively	-
excite	+
excited	+
excitedly	+
excitedness	+
excitement	+
exciting	+
excitingly	+
exclaim	-
exclude	-
exclusion	-
exclusive	+
exclusively	=
exclusively	+
exclusiveness	+
exclusives	+
exclusivity	+
excoriate	-
excruciating	-
excruciatingly	-
excusable	+
excuse	-
excuse	+
excuses	-
execrate	-
exemplar	+
exemplary	+
exhaust	-
exhaustion	-
exhaustive	+
exhaustively	+
exhilarate	+
exhilarating	+
exhilaratingly	+
exhilaration	+
exhort	-
exile	-
exonerate	-
exonerate	+
exonerated	-
exonerates	-
exonerating	-
exoneration	-
exonerations	-
exorbitant	-
exorbitantance	-
exorbitantly	-
expansive	+
expectation	=
expediencies	-
expedient	-
expel	-
expensive	-
experienced	+
expert	+
expertly	+
expire	-
explicit	+
explicitly	+
explode	-
exploit	-
exploitation	-
exploitations	-
exploitative	-
exploited	-
exploiting	-
exploits	-
explosive	-
expose	-
exposed	-
exposes	-
exposing	-
expound	=
expression	=
expressions	=
expressive	+
expropriate	-
expropriated	-
expropriates	-
expropriating	-
expropriation	-
expropriations	-
expulse	-
expulsion	-
expulsions	-
expunge	-
exquisite	+
exquisitely	+
extemporize	=
extensive	=
extensively	=
extenuating	-
exterminate	-
extermination	-
extinguish	-
extol	+
extoll	+
extort	-
extortion	-
extraneous	-
extraordinarily	+
extraordinary	+
extravagance	-
extravagant	-
extravagantly	-
extreme	-
extremely	-
extremism	-
extremist	-
extremists	-
exuberance	+
exuberant	+
exuberantly	+
exult	+
exultation	+
exultingly	+
eyebrows	=
fabricate	-
fabrication	-
fabulous	+
fabulously	+
facetious	-
facetiously	-
facilitate	+
fact	=
facts	=
factual	=
fading	-
fail	-
failed	-
failing	-
failings	-
fails	-
failure	-
failures	-
faint	-
fainthearted	-
fair	+
fairly	+
fairness	+
faith	+
faithful	+
faithfully	+
faithfulness	+
faithless	-
fake	-
fall	-
fallacies	-
fallacious	-
fallaciously	-
fallaciousness	-
fallacy	-
fallout	-
false	-
falsehood	-
falsely	-
falsification	-
falsifications	-
falsified	-
falsifies	-
falsify	-
falsifying	-
falsity	-
falter	-
fame	+
famed	+
familiar	=
famine	-
famished	-
famous	+
famously	+
fanatic	-
fanatical	-
fanatically	-
fanaticism	-
fanatics	-
fanciful	-
fancy	+
fanfare	+
fantastic	+
fantastically	+
fantasy	+
far-fetched	-
far-reaching	=
farce	-
farcical	-
farcical-yet-provocative	-
farcically	-
farfetched	-
farsighted	+
fascinate	+
fascinating	+
fascinatingly	+
fascination	+
fascism	-
fascist	-
fashionable	+
fashionably	+
fast	=
fast-growing	+
fast-paced	+
fastest-growing	+
fastidious	-
fastidiously	-
fastuous	-
fat	-
fatal	-
fatalistic	-
fatalistically	-
fatalities	-
fatality	-
fatally	-
fateful	-
fatefully	-
fathom	+
fathomless	-
fatigue	-
fatty	-
fatuity	-
fatuous	-
fatuously	-
fault	-
faulted	-
faults	-
faulty	-
favor	+
favorable	+
favorably	+
favored	+
favoring	+
favorite	+
favorites	+
favour	+
fawn	=
fawningly	-
faze	-
fear	-
fearful	-
fearfully	-
fearless	+
fearlessly	+
fears	-
fearsome	-
feasible	+
feasibly	+
feat	+
featly	+
feckless	-
feeble	-
feeblely	-
feebleminded	-
feel	=
feeling	=
feelings	=
feels	=
feign	-
feint	-
feisty	+
felicitate	+
felicitous	+
felicity	+
fell	-
felon	-
felonious	-
felt	=
ferocious	-
ferociously	-
ferocity	-
fertile	+
fervent	+
fervently	+
fervid	+
fervidly	+
fervor	+
festive	+
fetid	-
fever	-
feverish	-
fiasco	-
fiat	-
fib	-
fibber	-
fickle	-
fiction	-
fictional	-
fictitious	-
fidelity	+
fidget	-
fidgety	-
fiend	-
fiendish	-
fierce	-
fiery	+
fight	-
figurehead	-
filth	-
filthy	-
finagle	-
finally	=
fine	-
fine	+
fined	-
finely	+
fines	-
fired	-
firing	-
firm	=
firmly	=
first-class	+
first-rate	+
fissures	-
fist	-
fit	+
fitting	+
fixer	=
flabbergast	-
flabbergasted	-
flagging	-
flagrant	-
flagrantly	-
flair	+
flak	-
flake	-
flakey	-
flaky	-
flame	+
flash	-
flashy	-
flat-out	-
flatter	+
flattering	+
flatteringly	+
flaunt	-
flaw	-
flawed	-
flawless	+
flawlessly	+
flaws	-
fleer	-
fleeting	-
flexible	+
flighty	-
flimflam	-
flimsy	-
flirt	-
flirty	-
floor	=
floored	-
flounder	-
floundering	-
flourish	+
flourishing	+
flout	-
fluent	+
fluster	-
foe	-
fond	+
fondly	+
fondness	+
fool	-
foolhardy	-
foolish	-
foolishly	-
foolishness	-
foolproof	+
forbid	-
forbidden	-
forbidding	-
forbids	-
force	-
forced	-
forceful	-
forcing	-
foreboding	-
forebodingly	-
foreclose	-
foreclosed	-
forecloses	-
foreclosing	-
foreclosure	-
foreclosures	-
forego	-
foregoes	-
foregoing	-
foregone	-
foremost	+
foresight	+
forestall	-
forestalled	-
forestalling	-
forestalls	-
foretell	=
forfeit	-
forfeited	-
forfeiting	-
forfeits	-
forfeiture	-
forfeitures	-
forgave	+
forged	-
forgers	-
forgery	-
forget	-
forgetful	-
forgetfully	-
forgetfulness	-
forgive	+
forgiven	+
forgiveness	+
forgiving	+
forgivingly	+
forlorn	-
forlornly	-
formidable	-
forsake	-
forsaken	-
forsee	=
forswear	-
forthright	=
fortitude	+
fortress	=
fortuitous	+
fortuitously	+
fortunate	+
fortunately	+
fortune	+
foul	-
foully	-
foulness	-
fractious	-
fractiously	-
fracture	-
fragile	-
fragmented	-
fragrant	+
frail	-
frank	+
frankly	=
frantic	-
frantically	-
franticly	-
fraternize	-
fraud	-
frauds	-
fraudulence	-
fraudulent	-
fraudulently	-
fraught	-
frazzle	-
frazzled	-
freak	-
freakish	-
freakishly	-
free	+
freedom	+
freedoms	+
frenetic	-
frenetically	-
frenzied	-
frenzy	-
frequent	=
fresh	+
fret	-
fretful	-
friction	-
frictions	-
friend	+
friendliness	+
friendly	+
friends	+
friendship	+
friggin	-
fright	-
frighten	-
frightening	-
frighteningly	-
frightful	-
frightfully	-
frigid	-
frivolous	-
frivolously	-
frolic	+
frown	-
frozen	-
fruitful	+
fruitless	-
fruitlessly	-
frustrate	-
frustrated	-
frustrates	-
frustrating	-
frustratingly	-
frustration	-
frustrations	-
fudge	-
fugitive	-
fulfillment	+
full	=
full-blown	-
full-fledged	+
full-scale	=
fully	=
fulminate	-
fumble	-
fume	-
fun	-
fun	+
functional	+
fundamental	=
fundamentalism	-
fundamentally	=
funded	=
funny	+
furious	-
furiously	-
furor	-
further	=
furthermore	=
fury	-
fuss	-
fussy	-
fustigate	-
fusty	-
futile	-
futilely	-
futility	-
fuzzy	-
gabble	-
gaff	-
gaffe	-
gaga	-
gaggle	-
gaiety	+
gaily	+
gain	+
gained	+
gainful	+
gainfully	+
gaining	+
gains	+
gainsay	-
gainsayer	-
gall	-
gallant	+
gallantly	+
galling	-
gallingly	-
galore	+
galvanize	=
gamble	-
game	-
gape	-
garbage	-
garish	-
gasp	-
gauche	-
gaudy	-
gawk	-
gawky	-
geezer	-
gem	+
gems	+
generosity	+
generous	+
generously	+
genial	+
genius	+
genocide	-
gentle	+
genuine	+
germane	+
gestures	=
get-rich	-
ghastly	-
ghetto	-
giant	=
giants	=
gibber	-
gibberish	-
gibe	-
giddy	+
gifted	+
gigantic	=
glad	+
gladden	+
gladly	+
gladness	+
glamorous	+
glare	-
glaring	-
glaringly	-
glean	=
glee	+
gleeful	+
gleefully	+
glib	-
glibly	-
glimmer	+
glimmering	+
glisten	+
glistening	+
glitch	-
glitter	+
gloat	=
gloatingly	-
gloom	-
gloomy	-
glorify	+
glorious	+
gloriously	+
glory	+
gloss	-
glossy	+
glow	+
glower	-
glowing	+
glowingly	+
glum	-
glut	-
gnawing	-
go-ahead	+
goad	-
goading	-
god-awful	-
god-given	+
goddam	-
goddamn	-
godlike	+
gold	+
golden	+
good	+
goodly	+
goodness	+
goodwill	+
goof	-
gorgeous	+
gorgeously	+
gossip	-
grace	+
graceful	+
gracefully	+
graceless	-
gracelessly	-
gracious	+
graciously	+
graciousness	+
graft	-
grail	+
grand	+
grandeur	+
grandiose	-
grapple	-
grate	-
grateful	+
gratefully	+
gratification	+
gratify	+
gratifying	+
gratifyingly	+
grating	-
gratitude	+
gratuitous	-
gratuitously	-
grave	-
gravely	-
great	+
greater	+
greatest	+
greatly	=
greatly	+
greatness	+
greed	-
greedy	-
greet	+
grief	-
grievance	-
grievances	-
grieve	-
grieving	-
grievous	-
grievously	-
grill	-
grim	-
grimace	-
grin	+
grind	-
gripe	-
grisly	-
grit	+
gritty	-
groove	+
gross	-
grossly	-
grotesque	-
grouch	-
grouchy	-
groundbreaking	+
groundless	-
grouse	-
growing	=
growl	-
grudge	-
grudges	-
grudging	-
grudgingly	-
gruesome	-
gruesomely	-
gruff	-
grumble	-
guarantee	+
guardian	+
guidance	+
guile	-
guilt	-
guiltily	-
guiltless	+
guilty	-
gullible	-
gumption	+
gush	+
gusto	+
gutsy	+
haggard	-
haggle	-
hail	+
halcyon	+
hale	+
halfhearted	-
halfheartedly	-
halfway	=
hallowed	+
hallucinate	-
hallucination	-
halt	-
halt	=
halted	-
hamper	-
hampered	-
hampering	-
hampers	-
hamstring	-
hamstrung	-
handicapped	-
handily	+
handsome	+
handy	+
hanker	+
haphazard	-
hapless	-
happiest	+
happily	+
happiness	+
happy	+
harangue	-
harass	-
harassed	-
harassing	-
harassment	-
harboring	-
harbors	-
hard	-
hard-hit	-
hard-line	-
hard-liner	-
hard-working	+
hardball	-
harden	-
hardened	-
hardheaded	-
hardhearted	-
hardier	+
hardliner	-
hardliners	-
hardly	-
hardship	-
hardships	-
hardy	+
harm	-
harmed	-
harmful	-
harmfully	-
harming	-
harmless	+
harmonious	+
harmoniously	+
harmonize	+
harmony	+
harms	-
harpy	-
harridan	-
harried	-
harrow	-
harsh	-
harsher	-
harshest	-
harshly	-
harshness	-
hassle	-
haste	-
hasty	-
hate	-
hateful	-
hatefully	-
hatefulness	-
hater	-
hatred	-
haughtily	-
haughty	-
haunt	-
haunting	-
haven	+
havoc	-
hawkish	-
hazard	-
hazardous	-
hazards	-
hazy	-
headache	-
headaches	-
headway	+
heady	+
heal	+
healthful	+
healthy	+
heart	+
heartbreak	-
heartbreaker	-
heartbreaking	-
heartbreakingly	-
hearten	+
heartening	+
heartfelt	+
heartily	+
heartless	-
heartrending	-
heartwarming	+
heathen	-
heaven	+
heavenly	+
heavily	-
heavy-duty	=
heavy-handed	-
heavyhearted	-
heck	-
heckle	-
hectic	-
hedge	-
hedonistic	-
heedless	-
hefty	=
hegemonism	-
hegemonistic	-
hegemony	-
heinous	-
hell	-
hell-bent	-
hellion	-
help	+
helpful	+
helpless	-
helplessly	-
helplessness	-
herald	+
heresy	-
heretic	-
heretical	-
hero	+
heroic	+
heroically	+
heroine	+
heroize	+
heros	+
hesitant	-
hideous	-
hideously	-
hideousness	-
high	=
high-powered	=
high-quality	+
highlight	+
hilarious	+
hilariously	+
hilariousness	+
hilarity	+
hinder	-
hindered	-
hindering	-
hinders	-
hindrance	-
hindrances	-
historic	+
hm	=
hmm	=
hoard	-
hoax	-
hobble	-
hole	-
hollow	-
holy	+
homage	+
honest	+
honestly	+
honesty	+
honeymoon	+
honor	+
honorable	+
honored	+
honoring	+
honors	+
hoodwink	-
hope	+
hopeful	+
hopefully	+
hopefulness	+
hopeless	-
hopelessly	-
hopelessness	-
hopes	+
horde	-
horrendous	-
horrendously	-
horrible	-
horribly	-
horrid	-
horrific	-
horrifically	-
horrify	-
horrifying	-
horrifyingly	-
horror	-
horrors	-
hospitable	+
hostage	-
hostile	-
hostilities	-
hostility	-
hot	+
hotbeds	-
hothead	-
hotheaded	-
hothouse	-
however	=
hubris	-
huckster	-
hug	+
huge	=
humane	+
humanists	+
humanity	+
humankind	+
humble	+
humbling	-
humiliate	-
humiliating	-
humiliation	-
humility	+
humor	+
humorous	+
humorously	+
humour	+
humourous	+
hunger	-
hungry	-
hurt	-
hurtful	-
hurting	-
hustler	-
hypnotize	=
hypocrisy	-
hypocrite	-
hypocrites	-
hypocritical	-
hypocritically	-
hysteria	-
hysteric	-
hysterical	-
hysterically	-
hysterics	-
icy	-
idea	=
ideal	+
idealism	+
idealist	+
idealize	+
ideally	+
idiocies	-
idiocy	-
idiot	-
idiotic	-
idiotically	-
idiots	-
idle	-
idled	-
idling	-
idol	+
idolize	+
idolized	+
idyllic	+
ignite	=
ignoble	-
ignominious	-
ignominiously	-
ignominy	-
ignorance	-
ignorant	-
ignore	-
ignored	-
ignores	-
ignoring	-
ill	-
ill-advised	-
ill-conceived	-
ill-fated	-
ill-favored	-
ill-mannered	-
ill-natured	-
ill-sorted	-
ill-tempered	-
ill-treated	-
ill-treatment	-
ill-usage	-
ill-used	-
illegal	-
illegalities	-
illegality	-
illegally	-
illegible	-
illegitimate	-
illicit	-
illicitly	-
illiquid	-
illiquidity	-
illiterate	-
illness	-
illogic	-
illogical	-
illogically	-
illuminate	+
illuminati	+
illuminating	+
illumine	+
illusion	-
illusions	-
illusory	-
illustrious	+
imaginary	-
imagination	=
imaginative	+
imagine	=
imbalance	-
imbalances	-
imbecile	-
imbroglio	-
immaculate	+
immaculately	+
immaterial	-
immature	-
immediate	=
immediately	=
immense	=
immensely	=
immensity	=
immensurable	=
imminence	-
imminent	-
imminently	-
immobilized	-
immoderate	-
immoderately	-
immodest	-
immoral	-
immorality	-
immorally	-
immovable	-
immune	=
impair	-
impaired	-
impairing	-
impairment	-
impairments	-
impairs	-
impartial	+
impartiality	+
impartially	+
impasse	-
impasses	-
impassioned	+
impassive	-
impatience	-
impatient	-
impatiently	-
impeach	-
impeccable	+
impeccably	+
impedance	-
impede	-
impeded	-
impedes	-
impediment	-
impediments	-
impeding	-
impel	+
impending	-
impenitent	-
imperative	-
imperative	=
imperatively	=
imperfect	-
imperfection	-
imperfections	-
imperfectly	-
imperial	+
imperialist	-
imperil	-
imperious	-
imperiously	-
impermissible	-
impersonal	-
impertinent	-
imperturbable	+
impervious	+
impetuous	-
impetuously	-
impetus	+
impiety	-
impinge	-
impious	-
implacable	-
implausible	-
implausibly	-
implicate	-
implicated	-
implicates	-
implicating	-
implication	-
implicit	=
implode	-
implore	=
imploring	=
imploringly	=
imply	=
impolite	-
impolitely	-
impolitic	-
importance	+
important	+
importantly	+
importunate	-
importune	-
impose	-
imposers	-
imposing	-
imposition	-
impossibility	-
impossible	-
impossiblity	-
impossibly	-
impotent	-
impound	-
impounded	-
impounding	-
impounds	-
impoverish	-
impoverished	-
impracticable	-
impractical	-
impracticalities	-
impracticality	-
imprecate	-
imprecise	-
imprecisely	-
imprecision	-
impregnable	+
impress	+
impressed	+
impresses	+
impressing	+
impression	+
impressions	+
impressive	+
impressively	+
impressiveness	+
imprison	-
imprisonment	-
improbability	-
improbable	-
improbably	-
improper	-
improperly	-
improprieties	-
impropriety	-
improve	+
improved	+
improvement	+
improvements	+
improves	+
improving	+
improvise	+
imprudence	-
imprudent	-
imprudently	-
impudence	-
impudent	-
impudently	-
impugn	-
impulsive	-
impulsively	-
impunity	-
impure	-
impurity	-
inability	-
inaccessible	-
inaccuracies	-
inaccuracy	-
inaccurate	-
inaccurately	-
inaction	-
inactions	-
inactivate	-
inactivated	-
inactivates	-
inactivating	-
inactivation	-
inactivations	-
inactive	-
inactivity	-
inadequacies	-
inadequacy	-
inadequate	-
inadequately	-
inadverent	-
inadverently	-
inadvertent	-
inadvertently	-
inadvisability	-
inadvisable	-
inadvisably	-
inalienable	+
inane	-
inanely	-
inapplicable	-
inappropriate	-
inappropriately	-
inapt	-
inaptitude	-
inarguable	=
inarguably	=
inarticulate	-
inattention	-
inattentive	-
incapable	-
incapably	-
incapacitated	-
incautious	-
incendiary	-
incense	-
incessant	-
incessantly	-
incidence	-
incidences	-
incident	-
incidents	-
incisive	+
incisively	+
incisiveness	+
incite	-
incitement	-
incivility	-
inclement	-
inclination	+
inclinations	+
inclined	+
inclusive	+
incognizant	-
incoherence	-
incoherent	-
incoherently	-
incommensurate	-
incomparable	-
incomparably	-
incompatibilities	-
incompatibility	-
incompatible	-
incompetence	-
incompetency	-
incompetent	-
incompetently	-
incompetents	-
incomplete	-
incompletely	-
incompliant	-
incomprehensible	-
incomprehension	-
inconceivable	-
inconceivably	-
inconclusive	-
incongruous	-
incongruously	-
inconsequent	-
inconsequential	-
inconsequentially	-
inconsequently	-
inconsiderate	-
inconsiderately	-
inconsistence	-
inconsistencies	-
inconsistency	-
inconsistent	-
inconsistently	-
inconsolable	-
inconsolably	-
inconstant	-
incontestable	+
incontrovertible	+
inconvenience	-
inconveniences	-
inconvenient	-
inconveniently	-
incorrect	-
incorrectly	-
incorrectness	-
incorrigible	-
incorrigibly	-
incorruptible	+
increasing	=
increasingly	=
incredible	+
incredibly	+
incredulous	-
incredulously	-
inculcate	-
indebted	+
indecency	-
indecent	-
indecently	-
indecision	-
indecisive	-
indecisively	-
indecorum	-
indeed	=
indefatigable	+
indefeasible	-
indefeasibly	-
indefensible	-
indefinite	-
indefinitely	-
indelible	+
indelibly	+
indelicate	-
independence	+
independent	+
indescribable	+
indescribably	+
indestructible	+
indeterminable	-
indeterminably	-
indeterminate	-
indication	=
indicative	=
indifference	-
indifferent	-
indigent	-
indignant	-
indignantly	-
indignation	-
indignity	-
indirect	=
indiscernible	-
indiscreet	-
indiscreetly	-
indiscretion	-
indiscriminate	-
indiscriminately	-
indiscriminating	-
indispensability	+
indispensable	+
indisposed	-
indisputable	+
indistinct	-
indistinctive	-
individuality	+
indoctrinate	-
indoctrination	-
indolent	-
indomitable	+
indomitably	+
indubitable	+
indubitably	+
indulge	-
indulgence	+
indulgent	+
industrious	+
ineffective	-
ineffectively	-
ineffectiveness	-
ineffectual	-
ineffectually	-
ineffectualness	-
inefficacious	-
inefficacy	-
inefficiencies	-
inefficiency	-
inefficient	-
inefficiently	-
inelegance	-
inelegant	-
ineligibility	-
ineligible	-
ineloquent	-
ineloquently	-
inept	-
ineptitude	-
ineptly	-
inequalities	-
inequality	-
inequitable	-
inequitably	-
inequities	-
inequity	-
inertia	-
inescapable	-
inescapably	-
inessential	-
inestimable	+
inestimably	+
inevitable	-
inevitably	-
inexact	-
inexcusable	-
inexcusably	-
inexorable	-
inexorably	-
inexpensive	+
inexperience	-
inexperienced	-
inexpert	-
inexpertly	-
inexpiable	-
inexplainable	-
inexplicable	-
inextricable	-
inextricably	-
infallibility	+
infallible	+
infallibly	+
infamous	-
infamously	-
infamy	-
infatuated	=
infected	-
infectious	=
infer	=
inference	=
inferior	-
inferiority	-
infernal	-
infest	-
infested	-
infidel	-
infidels	-
infiltrator	-
infiltrators	-
infirm	-
inflame	-
inflammatory	-
inflated	-
inflationary	-
inflexible	-
inflict	-
inflicted	-
influence	=
influential	+
informational	=
informative	+
infraction	-
infringe	-
infringed	-
infringement	-
infringements	-
infringes	-
infringing	-
infuriate	-
infuriated	-
infuriating	-
infuriatingly	-
ingenious	+
ingeniously	+
ingenuity	+
ingenuous	+
ingenuously	+
inglorious	-
ingrate	-
ingratiate	+
ingratiating	+
ingratiatingly	+
ingratitude	-
inherent	=
inhibit	-
inhibited	-
inhibition	-
inhospitable	-
inhospitality	-
inhuman	-
inhumane	-
inhumanity	-
inimical	-
inimically	-
iniquitous	-
iniquity	-
injudicious	-
injure	-
injured	-
injures	-
injuries	-
injuring	-
injurious	-
injury	-
injustice	-
injustices	-
inkling	=
inklings	=
innocence	+
innocent	+
innocently	+
innocuous	+
innovate	+
innovated	+
innovates	+
innovating	+
innovation	+
innovations	+
innovative	+
innovativeness	+
innovator	+
innovators	+
innuendo	-
innumerable	=
innumerably	=
innumerous	=
inoffensive	+
inopportune	-
inordinate	-
inordinately	-
inquiry	-
inquisitive	+
insane	-
insanely	-
insanity	-
insatiable	-
insecure	-
insecurity	-
insensible	-
insensitive	-
insensitively	-
insensitivity	-
insidious	-
insidiously	-
insight	+
insightful	+
insightfully	+
insights	=
insignificance	-
insignificant	-
insignificantly	-
insincere	-
insincerely	-
insincerity	-
insinuate	-
insinuating	-
insinuation	-
insist	+
insistence	+
insistent	+
insistently	+
insociable	-
insolence	-
insolent	-
insolently	-
insolvencies	-
insolvency	-
insolvent	-
insouciance	-
inspiration	+
inspirational	+
inspire	+
inspiring	+
instability	-
instable	-
instigate	-
instigator	-
instigators	-
instructive	+
instrumental	+
insubordinate	-
insubordination	-
insubstantial	-
insubstantially	-
insufferable	-
insufferably	-
insufficiency	-
insufficient	-
insufficiently	-
insular	-
insult	-
insulted	-
insulting	-
insultingly	-
insupportable	-
insupportably	-
insurmountable	-
insurmountably	-
insurrection	-
insurrections	-
intact	+
integral	+
integrity	+
intelligence	+
intelligent	+
intelligible	+
intend	=
intense	=
intensive	=
intensively	=
intent	=
intention	=
intentional	-
intentions	=
intents	=
intercede	+
interest	+
interested	+
interesting	+
interests	+
interfere	-
interfered	-
interference	-
interferences	-
interferes	-
interfering	-
intermittent	-
intermittently	-
interrupt	-
interrupted	-
interrupting	-
interruption	-
interruptions	-
interrupts	-
intimacy	+
intimate	=
intimate	+
intimidate	-
intimidating	-
intimidatingly	-
intimidation	-
intolerable	-
intolerablely	-
intolerance	-
intolerant	-
intoxicate	-
intractable	-
intransigence	-
intransigent	-
intricate	+
intrigue	=
intrigue	+
intriguing	+
intriguingly	+
intrude	-
intrusion	-
intrusive	-
intuitive	+
inundate	-
inundated	-
invader	-
invalid	-
invalidate	-
invalidated	-
invalidates	-
invalidating	-
invalidation	-
invalidity	-
invaluable	+
invaluablely	+
invasive	-
invective	-
inveigle	-
invent	+
invented	+
inventing	+
invention	+
inventions	+
inventive	+
inventiveness	+
inventor	+
inventors	+
investigate	-
investigated	-
investigates	-
investigating	-
investigation	-
investigations	-
invidious	-
invidiously	-
invidiousness	-
invigorate	+
invigorating	+
invincibility	+
invincible	+
inviolable	+
inviolate	+
invisible	=
involuntarily	-
involuntary	-
invulnerable	+
irate	-
irately	-
ire	-
irk	-
irksome	-
ironic	-
ironies	-
irony	-
irrational	-
irrationality	-
irrationally	-
irreconcilable	-
irreconcilably	-
irrecoverable	-
irrecoverably	-
irredeemable	-
irredeemably	-
irreformable	-
irrefutable	+
irrefutably	+
irregardless	=
irregular	-
irregularities	-
irregularity	-
irregularly	-
irrelevance	-
irrelevant	-
irreparable	-
irreparably	-
irreplacible	-
irrepressible	-
irreproachable	+
irresistible	+
irresistibly	+
irresolute	-
irresolvable	-
irresponsible	-
irresponsibly	-
irretrievable	-
irreverence	-
irreverent	-
irreverently	-
irreversible	-
irritable	-
irritably	-
irritant	-
irritate	-
irritated	-
irritating	-
irritation	-
isolate	-
isolated	-
isolation	-
itch	-
jabber	-
jaded	-
jam	-
jar	-
jaundiced	-
jauntily	+
jaunty	+
jealous	-
jealously	-
jealousness	-
jealousy	-
jeer	-
jeering	-
jeeringly	-
jeers	-
jeopardize	-
jeopardized	-
jeopardy	-
jerk	-
jest	+
jittery	-
jobless	-
joke	+
joker	-
jollify	+
jolly	+
jolt	-
jovial	+
joy	+
joyful	+
joyfully	+
joyless	+
joyous	+
joyously	+
jubilant	+
jubilantly	+
jubilate	+
jubilation	+
judgement	=
judgements	=
judgment	=
judgments	=
judicious	+
jumpy	-
junk	-
junky	-
just	+
justice	+
justifiable	-
justifiable	+
justifiably	+
justification	+
justify	+
justly	+
juvenile	-
kaput	-
keen	-
keen	+
keenly	+
keenness	+
kemp	+
key	=
kick	-
kickback	-
kickbacks	-
kid	+
kill	-
killer	-
killjoy	-
kind	+
kindliness	+
kindly	+
kindness	+
kingmaker	+
kiss	+
knave	-
knew	=
knife	-
knock	-
know	=
knowing	=
knowingly	-
knowingly	=
knowledge	=
knowledgeable	+
kook	-
kooky	-
lack	-
lackadaisical	-
lacked	-
lackey	-
lackeys	-
lacking	-
lackluster	-
lacks	-
laconic	-
lag	-
lagged	-
lagging	-
lags	-
lambast	-
lambaste	-
lame	-
lame-duck	-
lament	-
lamentable	-
lamentably	-
languid	-
languish	-
languor	-
languorous	-
languorously	-
lanky	-
lapse	-
lapsed	-
lapses	-
lapsing	-
large	=
large	+
large-scale	=
largely	=
lark	+
lascivious	-
last-ditch	-
lastly	=
late	-
laud	+
laudable	+
laudably	+
laugh	-
laughable	-
laughably	-
laughingstock	-
laughter	-
laundering	-
lavish	+
lavishly	+
law-abiding	+
lawbreaker	-
lawbreaking	-
lawful	+
lawfully	+
lawless	-
lawlessness	-
lax	-
layoff	-
layoffs	-
lazy	-
leadership	+
leading	+
leak	-
leakage	-
leaky	-
lean	+
learn	=
learned	+
learning	+
least	-
lech	-
lecher	-
lecherous	-
lechery	-
lecture	-
leech	-
leer	-
leery	-
left-leaning	-
legacies	=
legacy	=
legalistic	=
legendary	+
legitimacy	+
legitimate	+
legitimately	+
lenient	+
leniently	+
less	-
less-developed	-
less-expensive	+
lessen	-
lesser	-
lesser-known	-
letch	-
lethal	-
lethargic	-
lethargy	-
leverage	+
levity	+
lewd	-
lewdly	-
lewdness	-
liability	-
liable	-
liar	-
liars	-
liberal	+
liberalism	+
liberally	+
liberate	+
liberation	+
liberty	+
licentious	-
licentiously	-
licentiousness	-
lie	-
lier	-
lies	-
life-threatening	-
lifeblood	+
lifeless	-
lifelong	+
light	+
light-hearted	+
lighten	+
likable	+
like	+
likelihood	=
likely	=
likewise	=
liking	+
limit	-
limitation	-
limitations	-
limited	-
limitless	=
limp	-
lingering	-
lionhearted	+
liquidate	-
liquidated	-
liquidates	-
liquidating	-
liquidation	-
liquidations	-
liquidator	-
liquidators	-
listless	-
literate	+
litigious	-
little	-
little-known	-
live	+
lively	+
livid	-
lividly	-
loath	-
loathe	-
loathing	-
loathly	-
loathsome	-
loathsomely	-
lockout	-
lockouts	-
lofty	+
logical	+
lone	-
loneliness	-
lonely	-
lonesome	-
long	-
longing	-
longingly	-
look	=
looking	=
loophole	-
loopholes	-
loot	-
lorn	-
lose	-
loser	-
loses	-
losing	-
loss	-
losses	-
lost	-
lousy	-
lovable	+
lovably	+
love	+
loveless	-
loveliness	+
lovelorn	-
lovely	+
lover	+
low	-
low-cost	+
low-rated	-
low-risk	+
lower-priced	+
lowly	-
loyal	+
loyalty	+
lucid	+
lucidly	+
luck	+
luckier	+
luckiest	+
luckily	+
luckiness	+
lucky	+
lucrative	+
ludicrous	-
ludicrously	-
lugubrious	-
lukewarm	-
lull	-
luminous	+
lunatic	-
lunaticism	-
lurch	-
lure	-
lurid	-
lurk	-
lurking	-
lush	+
lust	=
luster	+
lustrous	+
luxuriant	+
luxuriate	+
luxurious	+
luxuriously	+
luxury	+
lying	-
lyrical	+
macabre	-
mad	-
madden	-
maddening	-
maddeningly	-
madder	-
madly	-
madman	-
madness	-
magic	+
magical	+
magnanimous	+
magnanimously	+
magnetic	+
magnificence	+
magnificent	+
magnificently	+
magnify	+
majestic	+
majesty	+
major	=
maladjusted	-
maladjustment	-
malady	-
malaise	-
malcontent	-
malcontented	-
maledict	-
malevolence	-
malevolent	-
malevolently	-
malfeasance	-
malfunction	-
malfunctioned	-
malfunctioning	-
malfunctions	-
malice	-
malicious	-
maliciously	-
maliciousness	-
malign	-
malignant	-
malodorous	-
malpractice	-
maltreatment	-
manageable	+
maneuver	-
mangle	-
mania	-
maniac	-
maniacal	-
manic	-
manifest	+
manipulate	-
manipulated	-
manipulates	-
manipulating	-
manipulation	-
manipulations	-
manipulative	-
manipulators	-
manly	+
mannerly	+
mantra	=
mar	-
marginal	-
marginally	-
markdown	-
markdowns	-
martyrdom	-
martyrdom-seeking	-
marvel	+
marvellous	+
marvelous	+
marvelously	+
marvelousness	+
marvels	+
massacre	-
massacres	-
massive	=
master	+
masterful	+
masterfully	+
masterpiece	+
masterpieces	+
masters	+
mastery	+
matchless	+
matter	=
mature	+
maturely	+
maturity	+
maverick	-
mawkish	-
mawkishly	-
mawkishness	-
maxi-devaluation	-
maximize	+
maybe	=
meager	-
mean	-
mean	=
meaningful	+
meaningless	-
meanness	-
meddle	-
meddlesome	-
mediocre	-
mediocrity	-
meek	+
melancholy	-
mellow	+
melodramatic	-
melodramatically	-
memorable	+
memorialize	+
memories	=
menace	-
menacing	-
menacingly	-
mend	+
mendacious	-
mendacity	-
menial	-
mentality	=
mentor	+
merciful	+
mercifully	+
merciless	-
mercilessly	-
mercy	+
mere	-
merely	-
merit	+
meritorious	+
merrily	+
merriment	+
merriness	+
merry	+
mesmerize	+
mesmerizing	+
mesmerizingly	+
mess	-
messy	-
metaphorize	=
meticulous	+
meticulously	+
midget	-
miff	-
might	=
might	+
mightily	+
mighty	+
mild	+
militancy	-
mind	-
mindful	+
mindless	-
mindlessly	-
minister	+
minor	=
miracle	+
miracles	+
miraculous	+
miraculously	+
miraculousness	+
mirage	-
mire	-
mirth	+
misapplication	-
misapplications	-
misapplied	-
misapplies	-
misapply	-
misapplying	-
misapprehend	-
misappropriate	-
misappropriated	-
misappropriates	-
misappropriating	-
misappropriation	-
misappropriations	-
misbecome	-
misbecoming	-
misbegotten	-
misbehave	-
misbehavior	-
misbranded	-
miscalculate	-
miscalculated	-
miscalculates	-
miscalculating	-
miscalculation	-
miscalculations	-
mischief	-
mischievous	-
mischievously	-
misclassification	-
misclassified	-
misconception	-
misconceptions	-
misconduct	-
miscreant	-
miscreants	-
misdated	-
misdemeanors	-
misdirected	-
misdirection	-
miser	-
miserable	-
miserableness	-
miserably	-
miseries	-
miserly	-
misery	-
misfit	-
misfortune	-
misgiving	-
misgivings	-
misguidance	-
misguide	-
misguided	-
mishandle	-
mishandled	-
mishandles	-
mishandling	-
mishap	-
misinform	-
misinformation	-
misinformed	-
misinforming	-
misinforms	-
misinterpret	-
misinterpretation	-
misinterpretations	-
misinterpreted	-
misinterpreting	-
misinterprets	-
misjudge	-
misjudged	-
misjudges	-
misjudging	-
misjudgment	-
misjudgments	-
mislabel	-
mislabeled	-
mislabeling	-
mislabelled	-
mislabels	-
mislead	-
misleading	-
misleadingly	-
misleads	-
misled	-
mislike	-
mismanage	-
mismanaged	-
mismanagement	-
mismanages	-
mismanaging	-
mismatch	-
mismatched	-
mismatches	-
mismatching	-
misplaced	-
misread	-
misreading	-
misrepresent	-
misrepresentation	-
misrepresentations	-
misrepresented	-
misrepresenting	-
misrepresents	-
miss	-
missed	-
misses	-
misstate	-
misstated	-
misstatement	-
misstatements	-
misstates	-
misstating	-
misstep	-
missteps	-
mistake	-
mistaken	-
mistakenly	-
mistakes	-
mistaking	-
mistified	-
mistrust	-
mistrustful	-
mistrustfully	-
misunderstand	-
misunderstanding	-
misunderstandings	-
misunderstood	-
misuse	-
misused	-
misuses	-
misusing	-
mm	=
moan	-
mock	-
mockeries	-
mockery	-
mocking	-
mockingly	-
moderate	+
moderation	+
modern	+
modest	+
modesty	+
molest	-
molestation	-
mollify	+
momentous	+
monopolistic	-
monopolists	-
monopolization	-
monopolize	-
monopolized	-
monopolizes	-
monopolizing	-
monopoly	-
monotonous	-
monotony	-
monster	-
monstrosities	-
monstrosity	-
monstrous	-
monstrously	-
monumental	+
monumentally	+
moody	-
moon	-
moot	-
mope	-
moral	+
morality	+
moralize	+
moratoria	-
moratorium	-
moratoriums	-
morbid	-
morbidly	-
mordant	-
mordantly	-
moreover	=
moribund	-
mortification	-
mortified	-
mortify	-
mortifying	-
most	=
mostly	=
mothballed	-
mothballing	-
motionless	-
motivate	+
motivated	+
motivation	+
motive	=
motley	-
mourn	-
mourner	-
mournful	-
mournfully	-
move	=
moving	+
much	=
muddle	-
muddy	-
mudslinger	-
mudslinging	-
mulish	-
multi-polarization	-
mum	=
mundane	-
murder	-
murderous	-
murderously	-
murky	-
muscle-flexing	-
must	=
myriad	+
mysterious	-
mysteriously	-
mystery	-
mystify	-
myth	-
nag	-
nagging	-
naive	-
naively	-
nap	=
narrow	-
narrower	-
nascent	=
nastily	-
nastiness	-
nasty	-
nationalism	-
natural	+
naturally	+
nature	=
naughty	-
nauseate	-
nauseating	-
nauseatingly	-
navigable	+
neat	+
neatly	+
nebulous	-
nebulously	-
necessarily	+
necessary	+
need	-
need	=
needful	=
needfully	=
needless	-
needlessly	-
needs	=
needy	-
nefarious	-
nefariously	-
negate	-
negation	-
negative	-
negatively	-
negatives	-
neglect	-
neglected	-
neglectful	-
neglecting	-
neglects	-
negligence	-
negligences	-
negligent	-
negligently	-
negligible	-
nemesis	-
nervous	-
nervously	-
nervousness	-
nettle	-
nettlesome	-
neurotic	-
neurotically	-
neutralize	+
nevertheless	=
nice	+
nicely	+
nifty	+
niggle	-
nightmare	-
nightmarish	-
nightmarishly	-
nimble	+
nix	-
noble	+
nobly	+
noisy	-
non-confidence	-
non-violence	+
non-violent	+
nonattainment	-
noncompetitive	-
noncompliance	-
noncompliances	-
noncompliant	-
noncomplying	-
nonconforming	-
nonconformities	-
nonconformity	-
nondisclosure	-
nonexistent	-
nonfunctional	-
nonpayment	-
nonpayments	-
nonperformance	-
nonperformances	-
nonperforming	-
nonproducing	-
nonproductive	-
nonrecoverable	-
nonrenewal	-
nonsense	-
nonviolent	=
normal	+
nosey	-
notable	+
notably	+
noteworthy	+
noticeable	+
notion	=
notorious	-
notoriously	-
nourish	+
nourishing	+
nourishment	+
novel	+
nuance	=
nuances	=
nuisance	-
nuisances	-
numb	-
nurture	+
nurturing	+
oasis	+
obedience	+
obedient	+
obediently	+
obese	-
obey	+
object	-
objected	-
objecting	-
objection	-
objectionable	-
objectionably	-
objections	-
objective	+
objectively	+
obligation	=
obliged	+
oblique	-
obliterate	-
obliterated	-
oblivious	-
obnoxious	-
obnoxiously	-
obscene	-
obscenely	-
obscenity	-
obscure	-
obscurity	-
obsess	-
obsession	-
obsessions	-
obsessive	-
obsessively	-
obsessiveness	-
obsolescence	-
obsolete	-
obstacle	-
obstacles	-
obstinate	-
obstinately	-
obstruct	-
obstructed	-
obstructing	-
obstruction	-
obstructions	-
obtrusive	-
obtuse	-
obviate	+
obvious	=
obviously	-
odd	-
odder	-
oddest	-
oddities	-
oddity	-
oddly	-
offbeat	+
offence	-
offences	-
offend	-
offended	-
offender	-
offenders	-
offending	-
offends	-
offenses	-
offensive	-
offensively	-
offensiveness	-
officious	-
offset	+
oh	=
okay	+
olympic	=
ominous	-
ominously	-
omission	-
omissions	-
omit	-
omits	-
omitted	-
omitting	-
one-side	-
one-sided	-
onerous	-
onerously	-
onslaught	-
onward	+
open	+
open-ended	=
openly	+
openness	+
opinion	=
opinionated	-
opinions	=
opponent	-
opportune	+
opportunistic	-
opportunistically	-
opportunities	+
opportunity	+
oppose	-
opposed	-
opposes	-
opposing	-
opposition	-
oppositions	-
oppress	-
oppression	-
oppressive	-
oppressively	-
oppressiveness	-
oppressors	-
optimal	+
optimism	+
optimistic	+
opulent	+
ordeal	-
orderly	+
original	+
originality	+
orphan	-
orthodoxy	=
ostracize	-
ought	=
outage	-
outages	-
outbreak	-
outburst	-
outbursts	-
outcast	-
outcry	-
outdated	-
outdo	+
outgoing	+
outlaw	-
outlook	=
outmoded	-
outperform	+
outperformed	+
outperforming	+
outperforms	+
outrage	-
outraged	-
outrageous	-
outrageously	-
outrageousness	-
outrages	-
outright	=
outshine	+
outsider	-
outsmart	+
outspoken	=
outstanding	+
outstandingly	+
outstrip	+
outwit	+
ovation	+
over-acted	-
over-valuation	-
overachiever	+
overact	-
overacted	-
overage	-
overages	-
overawe	-
overbalance	-
overbalanced	-
overbearing	-
overbearingly	-
overblown	-
overbuild	-
overbuilding	-
overbuilds	-
overbuilt	-
overburden	-
overburdened	-
overburdening	-
overcapacities	-
overcapacity	-
overcharge	-
overcharged	-
overcharges	-
overcharging	-
overcome	-
overcomes	-
overcoming	-
overdo	-
overdone	-
overdue	-
overemphasize	-
overestimate	-
overestimated	-
overestimates	-
overestimating	-
overestimation	-
overestimations	-
overjoyed	+
overkill	-
overload	-
overloaded	-
overloading	-
overloads	-
overlook	-
overlooked	-
overlooking	-
overlooks	-
overpaid	-
overpayment	-
overpayments	-
overplay	-
overpower	-
overproduced	-
overproduces	-
overproducing	-
overproduction	-
overreach	-
overrun	-
overrunning	-
overruns	-
overshadow	-
overshadowed	-
overshadowing	-
overshadows	-
oversight	-
oversimplification	-
oversimplified	-
oversimplify	-
oversized	-
overstate	-
overstated	-
overstatement	-
overstatements	-
overstates	-
overstating	-
oversupplied	-
oversupplies	-
oversupply	-
oversupplying	-
overt	=
overtaxed	-
overthrow	-
overtly	-
overture	+
overtures	=
overturn	-
overturned	-
overturning	-
overturns	-
overvalue	-
overvalued	-
overvaluing	-
overwhelm	-
overwhelming	-
overwhelmingly	-
overworked	-
overzealous	-
overzealously	-
pacifist	+
pacifists	+
pacify	=
pain	-
painful	-
painfully	-
painless	+
painlessly	+
pains	-
painstaking	+
painstakingly	+
palatable	+
palatial	+
pale	-
palliate	+
paltry	-
pamper	+
pan	-
pandemonium	-
panic	-
panicky	-
panics	-
paradise	+
paradoxical	-
paradoxically	-
paralize	-
paralyzed	-
paramount	+
paranoia	-
paranoid	-
parasite	-
pardon	+
pariah	-
parody	-
partiality	-
particular	=
particularly	=
partisan	-
partisans	-
passe	-
passion	+
passionate	+
passionately	+
passive	-
passiveness	-
pathetic	-
pathetically	-
patience	+
patient	+
patiently	+
patriot	+
patriotic	+
patronize	-
paucity	-
pauper	-
paupers	-
payback	-
peace	+
peaceable	+
peaceful	+
peacefully	+
peacekeepers	+
peculiar	-
peculiarly	-
pedantic	-
pedestrian	-
peerless	+
peeve	-
peeved	-
peevish	-
peevishly	-
penalize	-
penalized	-
penalizes	-
penalizing	-
penalties	-
penalty	-
penetrating	+
penitent	+
perceptions	=
perceptive	+
perfect	+
perfected	+
perfection	+
perfectly	+
perfects	+
perfidious	-
perfidity	-
perfunctory	-
perhaps	=
peril	-
perilous	-
perilously	-
perils	-
peripheral	-
perish	-
permissible	+
pernicious	-
perplex	-
perplexed	-
perplexing	-
perplexity	-
persecute	-
persecution	-
perseverance	+
persevere	+
persist	-
persisted	-
persistence	-
persistence	=
persistent	-
persistent	+
persistently	-
persisting	-
persists	-
personages	+
personality	+
perspective	=
perspicuous	+
perspicuously	+
persuade	+
persuasive	+
persuasively	+
pertinacious	-
pertinaciously	-
pertinacity	-
pertinent	+
perturb	-
perturbed	-
pervasive	-
pervasively	-
pervasiveness	-
perverse	-
perversely	-
perversion	-
perversity	-
pervert	-
perverted	-
pessimism	-
pessimistic	-
pessimistically	-
pest	-
pestilent	-
petrified	-
petrify	-
pettifog	-
petty	-
phenomenal	+
phenomenally	+
philosophize	=
phobia	-
phobic	-
phony	-
picket	-
picketed	-
picketing	-
picky	-
picturesque	+
piety	+
pillage	-
pillar	+
pillory	-
pinch	-
pine	-
pinnacle	+
pious	+
pique	-
pithy	+
pitiable	-
pitiful	-
pitifully	-
pitiless	-
pitilessly	-
pittance	-
pity	-
pivotal	=
placate	+
placid	+
plagiarize	-
plague	-
plain	+
plainly	+
plausibility	+
plausible	+
player	=
playful	+
playfully	+
plaything	-
plea	-
plead	=
plead	-
pleaded	-
pleading	=
pleadingly	=
pleas	-
pleasant	+
pleasantly	+
please	+
pleased	+
pleasing	+
pleasingly	+
pleasurable	+
pleasurably	+
pleasure	+
plebeian	-
pled	-
pledge	+
pledges	+
plenary	=
plentiful	+
plenty	+
plight	-
plot	-
plotters	-
ploy	-
plunder	-
plunderer	-
plush	+
poetic	+
poeticize	+
poignant	+
point	=
pointless	-
pointlessly	-
poise	+
poised	+
poison	-
poisonous	-
poisonously	-
polarisation	-
polemize	-
polished	+
polite	+
politeness	+
pollute	-
polluter	-
polluters	-
polution	-
pompous	-
ponder	=
poor	-
poorly	-
popular	+
popularity	+
portable	+
poses	-
posh	+
posing	-
position	=
positive	+
positively	+
positiveness	+
possibility	=
possible	=
possibly	=
posterity	+
postpone	-
postponed	-
postponement	-
postponements	-
postpones	-
postponing	-
posture	=
posturing	-
potent	+
potential	+
pout	-
poverty	-
power	=
powerful	+
powerfully	+
powerless	-
practicable	+
practical	+
practically	=
pragmatic	+
praise	+
praiseworthy	+
praising	+
prate	-
pratfall	-
prattle	-
pray	=
pre-eminent	+
preach	+
preaching	+
precarious	-
precariously	-
precaution	+
precautions	+
precedent	+
precious	=
precious	+
precipitate	-
precipitated	-
precipitous	-
precipitously	-
precise	+
precisely	+
precision	+
preclude	-
precluded	-
precludes	-
precluding	-
predatory	-
predicament	-
predictable	=
predictablely	=
predominant	=
preeminence	+
preeminent	+
preemptive	+
prefer	+
preferable	+
preferably	+
preference	+
preferences	+
prejudge	-
prejudice	-
prejudicial	-
premature	-
prematurely	-
premeditated	-
premier	+
premiere	+
premium	+
preoccupy	-
prepared	+
preponderance	+
preposterous	-
preposterously	-
press	+
pressing	-
pressure	=
pressures	=
prestige	+
prestigious	+
presumably	=
presume	-
presumptuous	-
presumptuously	-
pretence	-
pretend	-
pretense	-
pretentious	-
pretentiously	-
prettily	+
pretty	+
prevalent	=
prevaricate	-
preventing	-
prevention	-
prevents	-
priceless	+
pricey	-
prickle	-
prickles	-
pride	+
prideful	-
primarily	=
primary	=
prime	=
primitive	-
principle	+
principled	+
prison	-
prisoner	-
privilege	+
privileged	+
prize	+
pro	+
pro-American	+
pro-Beijing	+
pro-Cuba	+
pro-peace	+
proactive	+
proactively	+
problem	-
problematic	-
problematical	-
problems	-
proclaim	=
procrastinate	-
procrastination	-
prodigious	+
prodigiously	+
prodigy	+
productive	+
profane	-
profanity	-
profess	+
proficiency	+
proficient	+
proficiently	+
profit	+
profitability	+
profitable	+
profitably	+
profound	+
profoundly	+
profuse	+
profusely	+
profusion	+
prognosticate	=
progress	+
progressed	+
progresses	+
progressing	+
progressive	+
prohibit	-
prohibitive	-
prohibitively	-
prolific	+
prolong	-
prolongation	-
prolongations	-
prolonged	-
prolonging	-
prolongs	-
prominence	+
prominent	+
promise	+
promising	+
promoter	+
prompt	+
promptly	+
prone	-
propaganda	-
propagandize	-
proper	+
properly	+
prophesy	=
propitious	+
propitiously	+
proportionate	=
proportionately	=
proscription	-
proscriptions	-
prosecute	-
prospect	+
prospects	+
prosper	+
prospered	+
prospering	+
prosperity	+
prosperous	+
prospers	+
protect	+
protection	+
protective	+
protector	+
protest	-
protested	-
protester	-
protesters	-
protesting	-
protestor	-
protestors	-
protests	-
protracted	-
protraction	-
proud	+
prove	=
providence	+
provocation	-
provocative	-
provoke	-
provoked	-
provokes	-
provoking	-
prowess	+
prudence	+
prudent	+
prudently	+
pry	-
pugnacious	-
pugnaciously	-
pugnacity	-
punch	-
punctual	+
pundits	+
punish	-
punishable	-
punished	-
punishes	-
punishing	-
punishment	-
punishments	-
punitive	-
puny	-
puppet	-
puppets	-
pure	+
purification	+
purify	+
purity	+
purport	-
purported	-
purportedly	-
purporting	-
purports	-
purposeful	+
puzzle	-
puzzled	-
puzzlement	-
puzzling	-
quack	-
quaint	+
qualified	+
qualify	+
qualms	-
quandary	-
quarrel	-
quarrellous	-
quarrellously	-
quarrels	-
quarrelsome	-
quash	-
quasi-ally	+
queer	-
quench	+
question	-
questionable	-
questionably	-
questioned	-
questioning	-
questions	-
quibble	-
quick	=
quicken	+
quiet	=
quit	-
quite	=
quitter	-
quitting	-
racism	-
racist	-
racists	-
rack	-
racketeer	-
racketeering	-
radiance	+
radiant	+
radical	-
radicalization	-
radically	-
radicals	-
rage	-
ragged	-
raging	-
rail	-
rally	+
rampage	-
rampant	-
ramshackle	-
rancor	-
rank	-
rankle	-
rant	-
ranting	-
rantingly	-
rapid	=
rapport	+
rapprochement	+
rapt	+
rapture	+
raptureous	+
raptureously	+
rapturous	+
rapturously	+
rare	=
rarely	=
rascal	-
rash	-
rat	-
rather	=
rational	+
rationality	+
rationalization	-
rationalizations	-
rationalize	-
rationalized	-
rationalizes	-
rationalizing	-
rattle	-
ravage	-
rave	+
raving	-
re-conquest	+
react	=
reaction	=
reactionary	-
reactions	=
readily	+
readiness	=
ready	+
reaffirm	+
reaffirmation	+
real	+
realist	+
realistic	+
realistically	+
realization	=
really	=
reason	+
reasonable	+
reasonably	+
reasoned	+
reassign	-
reassigned	-
reassigning	-
reassignment	-
reassignments	-
reassigns	-
reassurance	+
reassure	+
rebellious	-
rebound	+
rebounded	+
rebounding	+
rebuff	-
rebuke	-
recalcitrant	-
recall	-
recalled	-
recalling	-
recalls	-
recant	-
receptive	+
recession	-
recessionary	-
recessions	-
reckless	-
recklessly	-
recklessness	-
reclaim	+
recognition	+
recognizable	=
recoil	-
recommend	+
recommendation	+
recommendations	+
recommended	+
recompense	+
reconcile	+
reconciliation	+
record-setting	+
recourses	-
recover	+
rectification	+
rectify	+
rectifying	+
redeem	+
redeeming	+
redemption	+
redress	-
redressed	-
redresses	-
redressing	-
redundancy	-
redundant	-
reestablish	+
refinance	-
refinanced	-
refinances	-
refinancing	-
refinancings	-
refine	+
refined	+
refinement	+
reflecting	=
reflective	=
reform	+
refresh	+
refreshing	+
refuge	+
refusal	-
refusals	-
refuse	-
refused	-
refuses	-
refusing	-
refutation	-
refute	-
regain	+
regained	+
regaining	+
regal	+
regally	+
regard	=
regard	+
regardless	=
regardlessly	=
regress	-
regression	-
regressive	-
regret	-
regretful	-
regretfully	-
regrettable	-
regrettably	-
rehabilitate	+
rehabilitation	+
reinforce	+
reinforcement	+
reiterate	=
reiterated	=
reiterates	=
reject	-
rejected	-
rejecting	-
rejection	-
rejections	-
rejects	-
rejoice	+
rejoicing	+
rejoicingly	+
relapse	-
relations	=
relax	+
relaxed	+
relent	+
relentless	-
relentlessly	-
relentlessness	-
relevance	+
relevant	+
reliability	+
reliable	+
reliably	+
relief	+
relieve	+
relinquish	-
relinquished	-
relinquishes	-
relinquishing	-
relinquishment	-
relinquishments	-
relish	+
reluctance	-
reluctant	-
reluctantly	-
remark	=
remarkable	+
remarkably	+
remedy	+
reminiscent	+
remorse	-
remorseful	-
remorsefully	-
remorseless	-
remorselessly	-
remorselessness	-
remunerate	+
renaissance	+
renegotiate	-
renegotiated	-
renegotiates	-
renegotiating	-
renegotiation	-
renegotiations	-
renewable	=
renewal	+
renounce	-
renounced	-
renouncement	-
renouncements	-
renounces	-
renouncing	-
renovate	+
renovation	+
renown	+
renowned	+
renunciation	-
repair	+
reparation	-
reparation	+
reparations	-
repay	+
repel	-
repent	+
repentance	+
repetitive	-
replete	=
repossessed	-
repossesses	-
repossessing	-
repossession	-
repossessions	-
reprehensible	-
reprehensibly	-
reprehension	-
reprehensive	-
repress	-
repression	-
repressive	-
reprimand	-
reproach	-
reproachful	-
reprove	-
reprovingly	-
repudiate	-
repudiated	-
repudiates	-
repudiating	-
repudiation	-
repudiations	-
repugn	-
repugnance	-
repugnant	-
repugnantly	-
repulse	-
repulsed	-
repulsing	-
repulsive	-
repulsively	-
repulsiveness	-
reputable	+
reputed	=
rescue	+
resent	-
resentful	-
resentment	-
reservations	-
resign	-
resignation	-
resignations	-
resigned	-
resigning	-
resigns	-
resilient	+
resistance	-
resistant	-
resolute	+
resolve	+
resolved	+
resound	+
resounding	+
resourceful	+
resourcefulness	+
respect	+
respectable	+
respectful	+
respectfully	+
respite	+
resplendent	+
responsibility	+
responsible	+
responsibly	+
responsive	+
restate	-
restated	-
restatement	-
restatements	-
restates	-
restating	-
restful	+
restless	-
restlessness	-
restoration	+
restore	+
restraint	+
restrict	-
restricted	-
restriction	-
restrictive	-
restructure	-
restructured	-
restructures	-
restructuring	-
restructurings	-
resurgent	+
retaliate	-
retaliated	-
retaliates	-
retaliating	-
retaliation	-
retaliations	-
retaliatory	-
retard	-
reticent	-
retire	-
retract	-
retreat	-
retribution	-
retributions	-
reunite	+
reveal	=
revealing	=
revel	+
revelation	+
revelatory	=
revenge	-
revengeful	-
revengefully	-
revere	+
reverence	+
reverent	+
reverently	+
revert	-
revile	-
reviled	-
revitalize	+
revival	+
revive	+
revoke	-
revoked	-
revokes	-
revoking	-
revolt	-
revolting	-
revoltingly	-
revolution	+
revolutionize	+
revolutionized	+
revolutionizes	+
revolutionizing	+
revulsion	-
revulsive	-
reward	+
rewarded	+
rewarding	+
rewardingly	+
rewards	+
rhapsodize	-
rhetoric	-
rhetorical	-
rich	+
riches	+
richly	+
richness	+
rid	-
ridicule	-
ridiculed	-
ridicules	-
ridiculing	-
ridiculous	-
ridiculously	-
rife	-
rift	-
rifts	-
right	+
righten	+
righteous	+
righteously	+
righteousness	+
rightful	+
rightfully	+
rightly	+
rightness	+
rights	+
rigid	-
rigor	-
rigorous	-
rile	-
riled	-
ripe	+
risk	-
risk-free	+
risky	-
rival	-
rivalry	-
roadblocks	-
robust	+
rocky	-
rogue	-
rollercoaster	-
romantic	+
romantically	+
romanticize	+
rosy	+
rot	-
rotten	-
rough	-
rousing	+
rubbish	-
rude	-
rue	-
ruffian	-
ruffle	-
ruin	-
ruinous	-
rumbling	-
rumor	-
rumors	-
rumours	-
rumple	-
run-down	-
runaway	-
rupture	-
rusty	-
ruthless	-
ruthlessly	-
ruthlessness	-
sabotage	-
sacred	+
sacrifice	-
sacrificed	-
sacrifices	-
sacrificial	-
sacrificing	-
sad	-
sadden	-
sadly	-
sadness	-
safe	+
safeguard	+
sag	-
sagacity	+
sage	+
sagely	+
saint	+
saintliness	+
saintly	+
salable	+
salacious	-
salivate	+
salutary	+
salute	+
salvation	+
sanctify	+
sanctimonious	-
sanction	+
sanctity	+
sanctuary	+
sane	+
sanguine	+
sanity	+
sap	-
sarcasm	-
sarcastic	-
sarcastically	-
sardonic	-
sardonically	-
sass	-
satirical	-
satirize	-
satisfaction	+
satisfactorily	+
satisfactory	+
satisfied	+
satisfies	+
satisfy	+
satisfying	+
savage	-
savaged	-
savagely	-
savagery	-
savages	-
savor	+
savvy	+
scandal	-
scandalize	-
scandalized	-
scandalous	-
scandalously	-
scandals	-
scant	-
scapegoat	-
scar	-
scarce	-
scarcely	-
scarcity	-
scare	-
scared	-
scarier	-
scariest	-
scarily	-
scarred	-
scars	-
scary	-
scathing	-
scathingly	-
scenic	+
scheme	-
scheming	-
scholarly	=
scoff	-
scoffingly	-
scold	-
scolding	-
scoldingly	-
scorching	-
scorchingly	-
scorn	-
scornful	-
scornfully	-
scoundrel	-
scourge	-
scowl	-
scream	-
screaming	=
screamingly	=
screech	-
screw	-
scruples	+
scrupulous	+
scrupulously	+
scrutinize	-
scrutinize	=
scrutinized	-
scrutinizes	-
scrutinizing	-
scrutiny	-
scrutiny	=
scum	-
scummy	-
seamless	+
seasoned	+
second-class	-
second-tier	-
secrecy	-
secretive	-
secure	+
securely	+
security	+
sedentary	-
seductive	+
seedy	-
seem	=
seemingly	=
seethe	-
seething	-
seize	-
seized	-
seizes	-
seizing	-
selective	+
self-coup	-
self-criticism	-
self-defeating	-
self-destructive	-
self-determination	+
self-examination	=
self-humiliation	-
self-interest	-
self-interested	-
self-respect	+
self-satisfaction	+
self-serving	-
self-sufficiency	+
self-sufficient	+
selfinterested	-
selfish	-
selfishly	-
selfishness	-
semblance	+
senile	-
sensation	+
sensational	+
sensationalize	-
sensationally	+
sensations	+
sense	+
senseless	-
senselessly	-
sensible	+
sensibly	+
sensitive	+
sensitively	+
sensitivity	+
sentiment	+
sentimentality	+
sentimentally	+
sentiments	+
serene	+
serenity	+
serious	-
seriously	-
seriousness	-
sermonize	-
servitude	-
set-up	-
setback	-
setbacks	-
settle	+
sever	-
severe	-
severed	-
severely	-
severities	-
severity	-
sexy	+
shabby	-
shadow	-
shadowy	-
shady	-
shake	-
shaky	-
shallow	-
sham	-
shambles	-
shame	-
shameful	-
shamefully	-
shamefulness	-
shameless	-
shamelessly	-
shamelessness	-
shark	-
sharp	-
sharply	-
shatter	-
sheer	-
shelter	+
shield	+
shimmer	+
shimmering	+
shimmeringly	+
shine	+
shiny	+
shipwreck	-
shirk	-
shirker	-
shiver	-
shock	-
shocked	-
shocking	-
shockingly	-
shoddy	-
short-lived	-
shortage	-
shortages	-
shortchange	-
shortcoming	-
shortcomings	-
shortfall	-
shortfalls	-
shortsighted	-
shortsightedness	-
should	=
show	=
showdown	-
shred	-
shrew	-
shrewd	+
shrewdly	+
shrewdness	+
shriek	-
shrill	-
shrilly	-
shrinkage	-
shrinkages	-
shrivel	-
shroud	-
shrouded	-
shrug	-
shun	-
shunned	-
shut	-
shutdown	-
shutdowns	-
shuts	-
shutting	-
shy	-
shyly	-
shyness	-
sick	-
sicken	-
sickening	-
sickeningly	-
sickly	-
sickness	-
sidetrack	-
sidetracked	-
siege	-
signals	=
significance	+
significant	+
signify	+
sillily	-
silly	-
simmer	-
simple	+
simplicity	+
simplified	+
simplify	+
simplistic	-
simplistically	-
simply	=
sin	-
sincere	+
sincerely	+
sincerity	+
sinful	-
sinfully	-
sinister	-
sinisterly	-
sinking	-
skeletons	-
skeptical	-
skeptically	-
skepticism	-
sketchy	-
skill	+
skilled	+
skillful	+
skillfully	+
skimpy	-
skittish	-
skittishly	-
skulk	-
skyrocketing	-
slack	-
slander	-
slandered	-
slanderer	-
slanderous	-
slanderously	-
slanders	-
slap	-
slashing	-
slaughter	-
slaughtered	-
slaves	-
sleazy	-
sleek	+
sleepy	=
slender	+
slight	-
slightly	-
slim	+
slime	-
slippage	-
slippages	-
sloppily	-
sloppy	-
sloth	-
slothful	-
slow	-
slow-moving	-
slowdown	-
slowdowns	-
slowed	-
slower	-
slowest	-
slowing	-
slowly	-
slowness	-
slug	-
sluggish	-
sluggishly	-
sluggishness	-
slump	-
slur	-
sly	-
smack	-
smart	+
smarter	+
smartest	+
smartly	+
smash	-
smear	-
smelling	-
smile	+
smiling	+
smilingly	+
smitten	+
smokescreen	-
smolder	-
smoldering	-
smooth	+
smoothing	+
smoothly	+
smooths	+
smother	-
smoulder	-
smouldering	-
smug	-
smugly	-
smut	-
smuttier	-
smuttiest	-
smutty	-
snare	-
snarl	-
snatch	-
sneak	-
sneakily	-
sneaky	-
sneer	-
sneering	-
sneeringly	-
snub	-
so	=
so-cal	-
so-called	-
sob	-
sober	-
sobering	-
sociable	+
soft-spoken	+
soften	+
solace	+
solemn	-
solicitous	+
solicitously	+
solicitude	+
solid	+
solidarity	+
soliloquize	=
solvencies	-
solvency	-
solves	+
solving	+
somber	-
soothe	+
soothingly	+
sophisticated	+
sore	-
sorely	-
soreness	-
sorrow	-
sorrowful	-
sorrowfully	-
sorry	-
sound	+
sounding	-
soundness	+
sour	-
sourly	-
sovereignty	=
spacious	+
spade	-
spank	-
spare	+
sparing	+
sparingly	+
sparkle	+
sparkling	+
special	+
specific	=
specifically	=
spectacular	+
spectacularly	+
speculate	=
speculation	=
speedy	+
spellbind	+
spellbinding	+
spellbindingly	+
spellbound	+
spilling	-
spinster	-
spirit	+
spirited	+
spiritless	-
spiritual	+
spite	-
spiteful	-
spitefully	-
spitefulness	-
splayed-finger	=
splendid	+
splendidly	+
splendor	+
split	-
splitting	-
spoil	-
spook	-
spookier	-
spookiest	-
spookily	-
spooky	-
spoon-fed	-
spoon-feed	-
spoonfed	-
sporadic	-
spot	-
spotless	+
spotty	-
sprightly	+
spur	+
spurious	-
spurn	-
sputter	-
squabble	-
squabbling	-
squander	-
squarely	+
squash	-
squirm	-
stab	-
stability	+
stabilization	+
stabilizations	+
stabilize	+
stabilized	+
stabilizes	+
stabilizing	+
stable	+
stagger	-
staggering	-
staggeringly	-
stagnant	-
stagnate	-
stagnated	-
stagnates	-
stagnating	-
stagnation	-
staid	-
stain	-
stainless	+
stake	-
stale	-
stalemate	-
stammer	-
stampede	-
stance	=
stances	=
stand	+
stands	=
standstill	-
standstills	-
star	+
stark	-
starkly	-
stars	+
startle	-
startling	-
startlingly	-
starvation	-
starve	-
stately	+
statements	=
static	-
statuesque	+
staunch	+
staunchly	+
staunchness	+
steadfast	+
steadfastly	+
steadfastness	+
steadiness	+
steady	+
steal	-
stealing	-
steep	-
steeply	-
stellar	+
stellarly	+
stench	-
stereotype	-
stereotypical	-
stereotypically	-
stern	-
stew	-
sticky	-
stiff	-
stifle	-
stifling	-
stiflingly	-
stigma	-
stigmatize	-
still	=
stimulate	+
stimulating	+
stimulative	+
sting	-
stinging	-
stingingly	-
stink	-
stinking	-
stir	=
stirring	+
stirringly	+
stodgy	-
stole	-
stolen	-
stood	+
stooge	-
stooges	-
stoppage	-
stoppages	-
stopped	-
stopping	-
stops	-
storm	-
stormy	-
straggle	-
straggler	-
straight	+
straightforward	+
strain	-
strained	-
straining	-
strains	-
strange	-
strangely	-
stranger	-
strangest	-
strangle	-
streamlined	+
strength	=
strength	+
strengthen	+
strengthened	+
strengthening	+
strengthens	+
strengths	+
strenuous	-
stress	-
stressed	-
stresses	-
stressful	-
stressfully	-
stressing	-
stricken	-
strict	-
strictly	-
stride	+
strident	-
stridently	-
strides	+
strife	-
strike	-
striking	+
strikingly	+
stringent	-
stringently	-
striving	+
strong	+
stronger	+
stronger-than-expected	=
strongest	+
struck	-
struggle	-
strut	-
stubborn	-
stubbornly	-
stubbornness	-
studious	+
studiously	+
stuffed	=
stuffy	-
stumble	-
stump	-
stun	-
stunned	+
stunning	+
stunningly	+
stunt	-
stunted	-
stupefy	=
stupendous	+
stupendously	+
stupid	-
stupidity	-
stupidly	-
stupified	-
stupify	-
stupor	-
sturdy	+
sty	-
stylish	+
stylishly	+
suave	+
subdued	-
subjected	-
subjecting	-
subjection	-
subjugate	-
subjugation	-
sublime	+
submissive	-
subordinate	-
subscribe	+
subservience	-
subservient	-
subside	-
substandard	-
substantial	+
substantially	+
substantive	+
subtle	+
subtract	-
subversion	-
subversive	-
subversively	-
subvert	-
succeed	+
succeeded	+
succeeding	+
succeeds	+
success	+
successes	+
successful	+
successfully	+
succumb	-
such	=
sucker	-
suffer	-
suffered	-
sufferer	-
sufferers	-
suffering	-
suffers	-
suffice	+
sufficient	+
sufficiently	+
suffocate	-
sugar-coat	-
sugar-coated	-
sugarcoated	-
suggest	+
suggestions	+
suicidal	-
suicide	-
suit	+
suitable	+
sulk	-
sullen	-
sully	-
sumptuous	+
sumptuously	+
sumptuousness	+
sunder	-
sunny	+
super	+
superb	+
superbly	+
superficial	-
superficiality	-
superficially	-
superfluous	-
superior	+
superiority	-
superlative	+
superstition	-
superstitious	-
support	+
supporter	+
supportive	+
suppose	=
supposed	-
supposing	=
suppress	-
suppression	-
supremacy	-
supreme	+
supremely	+
supurb	+
supurbly	+
sure	+
surely	+
surge	+
surging	+
surmise	+
surmount	+
surpass	+
surpassed	+
surpasses	+
surpassing	+
surprise	=
surprising	=
surprisingly	=
surrender	-
surrendered	-
surrendering	-
surrenders	-
survival	+
survive	+
survivor	+
susceptible	-
suspect	-
suspected	-
suspects	-
suspend	-
suspended	-
suspending	-
suspends	-
suspension	-
suspensions	-
suspicion	-
suspicions	-
suspicious	-
suspiciously	-
sustainability	+
sustainable	+
sustained	+
swagger	-
swamped	-
swear	-
sweeping	+
sweet	+
sweeten	+
sweetheart	+
sweetly	+
sweetness	+
swift	+
swiftness	+
swindle	-
swing	=
swipe	-
swoon	-
swore	-
sworn	+
sympathetic	-
sympathetically	-
sympathies	-
sympathize	-
sympathy	-
symptom	-
syndrome	-
systematic	=
taboo	-
tact	+
taint	-
tainted	-
tainting	-
taints	-
tale	=
talent	+
talented	+
tall	=
tamper	-
tampered	-
tangled	-
tantalize	+
tantalizing	+
tantalizingly	+
tantamount	=
tantrum	-
tardy	-
tarnish	-
taste	=
taste	+
tattered	-
taunt	-
taunting	-
tauntingly	-
taunts	-
tawdry	-
taxing	-
tease	-
teasingly	-
tedious	-
tediously	-
temerity	-
temper	-
temperance	+
temperate	+
tempest	-
tempt	+
temptation	-
tempting	+
temptingly	+
tenacious	+
tenaciously	+
tenacity	+
tendency	=
tender	+
tenderly	+
tenderness	+
tense	-
tension	-
tentative	-
tentatively	-
tenuous	-
tenuously	-
tepid	-
terminate	-
terminated	-
terminates	-
terminating	-
termination	-
terminations	-
terrible	-
terribleness	-
terribly	-
terrific	+
terrifically	+
terrified	+
terrify	+
terrifying	+
terrifyingly	+
terror	-
terror-genic	-
terrorism	-
terrorize	-
thank	+
thankful	+
thankfully	+
thankless	-
theoretize	=
therefore	=
think	=
thinkable	+
thinking	=
thirst	-
thorny	-
thorough	+
though	=
thought	=
thoughtful	+
thoughtfully	+
thoughtfulness	+
thoughtless	-
thoughtlessly	-
thoughtlessness	-
thrash	-
threat	-
threaten	-
threatened	-
threatening	-
threatens	-
threats	-
thrift	+
thrifty	+
thrill	+
thrilling	+
thrillingly	+
thrills	+
thrive	+
thriving	+
throttle	-
throw	-
thumb	-
thumbs	-
thus	=
thusly	=
thwart	-
tickle	+
tidy	+
tightening	-
time-honored	+
timely	+
timid	-
timidity	-
timidly	-
timidness	-
tingle	+
tint	=
tiny	-
tire	-
tired	-
tiresome	-
tiring	-
tiringly	-
titillate	+
titillating	+
titillatingly	+
toast	+
togetherness	+
toil	-
tolerable	+
tolerably	+
tolerance	+
tolerant	+
tolerantly	+
tolerate	-
tolerate	+
tolerated	-
tolerates	-
tolerating	-
toleration	-
toleration	+
toll	-
too	-
top	+
topple	-
torment	-
tormented	-
torrent	-
torrid	+
torridly	+
tortuous	-
tortuously	-
torture	-
tortured	-
torturous	-
torturously	-
totalitarian	-
touch	=
touches	=
touchy	-
toughness	-
toxic	-
tradition	+
traditional	+
traduce	-
tragedies	-
tragedy	-
tragic	-
tragically	-
traitor	-
traitorous	-
traitorously	-
tramp	-
trample	-
tranquil	+
tranquility	+
transgress	-
transgression	-
transparency	=
transparency	+
transparent	=
transport	=
trauma	-
traumatic	-
traumatically	-
traumatize	-
traumatized	-
travesties	-
travesty	-
treacherous	-
treacherously	-
treachery	-
treason	-
treasonous	-
treasure	+
treat	+
tremendous	+
tremendously	+
trendy	+
trepidation	+
trial	-
tribute	+
trick	-
trickery	-
tricky	-
trim	+
triumph	+
triumphal	+
triumphant	+
triumphantly	+
trivial	-
trivialize	-
trivially	-
trouble	-
troubled	-
troublemaker	-
troubles	-
troublesome	-
troublesomely	-
troubling	-
troublingly	-
truant	-
truculent	+
truculently	+
true	+
truly	+
trump	+
trumpet	+
trust	+
trusting	+
trustingly	+
trustworthiness	+
trustworthy	+
truth	+
truthful	+
truthfully	+
truthfulness	+
try	-
trying	-
tumultuous	-
turbulent	-
turmoil	-
twinkly	+
twist	-
twisted	-
twists	-
tyrannical	-
tyrannically	-
tyranny	-
tyrant	-
ugh	-
ugliness	-
ugly	-
ulterior	-
ultimate	+
ultimately	+
ultimatum	-
ultimatums	-
ultra	+
ultra-hardline	-
unabashed	+
unabashedly	+
unable	-
unacceptable	-
unacceptablely	-
unacceptably	-
unaccounted	-
unaccustomed	-
unanimous	+
unannounced	-
unanticipated	-
unapproved	-
unassailable	+
unattractive	-
unaudited	=
unauthentic	-
unauthorized	-
unavailability	-
unavailable	-
unavoidable	-
unavoidably	-
unaware	-
unbearable	-
unbearablely	-
unbelievable	-
unbelievably	-
unbiased	+
unbosom	+
unbound	+
unbroken	+
uncertain	-
uncivil	-
uncivilized	-
unclean	-
unclear	-
uncollectable	-
uncollected	-
uncollectibility	-
uncollectible	-
uncollectibles	-
uncomfortable	-
uncommon	+
uncommonly	+
uncompetitive	-
uncompleted	-
uncompromising	-
uncompromisingly	-
unconcerned	+
unconditional	+
unconfirmed	-
unconscionable	-
unconscionably	-
unconstitutional	-
uncontrollable	-
uncontrollably	-
uncontrolled	-
unconventional	+
unconvincing	-
unconvincingly	-
uncorrected	-
uncouth	-
uncover	-
uncovered	-
uncovering	-
uncovers	-
undaunted	+
undecided	-
undefined	-
undeliverable	-
undelivered	-
undependability	-
undependable	-
undercapitalized	-
undercut	-
undercuts	-
undercutting	-
underdog	-
underestimate	-
underestimated	-
underestimates	-
underestimating	-
underestimation	-
underfunded	-
underinsured	-
underlings	-
undermine	-
undermined	-
undermines	-
undermining	-
underpaid	-
underpayment	-
underpayments	-
underpays	-
underperform	-
underperformance	-
underperformed	-
underperforming	-
underproduced	-
underproduction	-
underreporting	-
understand	+
understandable	+
understanding	+
understate	-
understate	+
understated	-
understated	+
understatedly	+
understatement	-
understatements	-
understates	-
understating	-
understood	+
underutilization	-
underutilized	-
undesirable	-
undesired	-
undetected	-
undetermined	-
undid	-
undignified	-
undisclosed	-
undisputable	+
undisputably	+
undisputed	+
undo	-
undocumented	-
undone	-
undoubted	+
undoubtedly	+
undue	-
unduly	-
unease	-
uneasily	-
uneasiness	-
uneasy	-
uneconomic	-
uneconomical	-
uneconomically	-
unemployed	-
unemployment	-
unencumbered	+
unequal	-
unequivocal	+
unequivocally	+
unethical	-
unethically	-
uneven	-
uneventful	-
unexcused	-
unexpected	-
unexpectedly	-
unexplained	-
unfair	-
unfairly	-
unfaithful	-
unfaithfully	-
unfamiliar	-
unfavorable	-
unfavorably	-
unfavourable	-
unfazed	+
unfeasible	-
unfeeling	-
unfettered	+
unfinished	-
unfit	-
unfitness	-
unforeseeable	-
unforeseen	-
unforgettable	+
unfortunate	-
unfortunately	-
unfounded	-
unfriendly	-
unfulfilled	-
unfunded	-
ungovernable	-
ungrateful	-
unhappily	-
unhappiness	-
unhappy	-
unhealthy	-
uniform	+
uniformly	+
unilateralism	-
unimaginable	-
unimaginably	-
unimportant	-
uninformed	-
uninsured	-
unintended	-
unintentional	-
unintentionally	-
unipolar	-
unique	+
unity	+
universal	+
unjust	-
unjustifiable	-
unjustifiably	-
unjustified	-
unjustly	-
unkind	-
unkindly	-
unknowing	-
unknowingly	-
unlamentable	-
unlamentably	-
unlawful	-
unlawfully	-
unlawfulness	-
unleash	-
unlicensed	-
unlikely	-
unlimited	+
unliquidated	-
unlucky	-
unmarketable	-
unmatched	+
unmerchantable	-
unmoved	-
unnatural	-
unnaturally	-
unnecessarily	-
unnecessary	-
unneeded	-
unnerve	-
unnerved	-
unnerving	-
unnervingly	-
unnoticed	-
unobserved	-
unobtainable	-
unoccupied	-
unorthodox	-
unorthodoxy	-
unpaid	-
unparalleled	+
unperformed	-
unpleasant	-
unpleasantries	-
unpopular	-
unprecedent	-
unprecedented	-
unpredictable	-
unprepared	-
unpretentious	+
unproductive	-
unprofitability	-
unprofitable	-
unqualified	-
unquestionable	+
unquestionably	+
unravel	-
unraveled	-
unrealistic	-
unreasonable	-
unreasonableness	-
unreasonably	-
unrecoverable	-
unrecovered	-
unreimbursed	-
unrelenting	-
unrelentingly	-
unreliability	-
unreliable	-
unremedied	-
unreported	-
unresolved	-
unrest	-
unrestricted	+
unruly	-
unsafe	-
unsalable	-
unsaleable	-
unsatisfactory	-
unsatisfied	-
unsavory	-
unscathed	+
unscheduled	-
unscrupulous	-
unscrupulously	-
unseemly	-
unselfish	+
unsettle	-
unsettled	-
unsettling	-
unsettlingly	-
unskilled	-
unsold	-
unsophisticated	-
unsound	-
unspeakable	-
unspeakablely	-
unspecified	-
unstable	-
unsteadily	-
unsteadiness	-
unsteady	-
unsubstantiated	-
unsuccessful	-
unsuccessfully	-
unsuitability	-
unsuitable	-
unsuitably	-
unsuited	-
unsupported	-
unsure	-
unsuspected	-
unsuspecting	-
unsustainable	-
untenable	-
untested	-
unthinkable	-
unthinkably	-
untimely	-
untouched	+
untrained	+
untrue	-
untrustworthy	-
untruth	-
untruthful	-
untruthfully	-
untruthfulness	-
untruths	-
unusable	-
unusual	-
unusually	-
unwanted	-
unwarranted	-
unwelcome	-
unwieldy	-
unwilling	-
unwillingly	-
unwillingness	-
unwise	-
unwisely	-
unworkable	-
unworthy	-
unyielding	-
upbeat	+
upbraid	-
upfront	+
upgrade	+
upheaval	-
upheld	+
uphold	+
uplift	+
uplifting	+
upliftingly	+
upliftment	+
upright	+
uprising	-
uproar	-
uproarious	-
uproariously	-
uproarous	-
uproarously	-
uproot	-
upscale	+
upset	-
upsetting	-
upsettingly	-
upside	+
upturn	+
upturns	+
upward	+
urge	+
urgency	-
urgent	-
urgently	-
usable	+
useful	+
usefulness	+
useless	-
usurp	-
usurper	-
utilitarian	+
utmost	+
utter	-
utterances	=
utterly	-
uttermost	+
vagrant	-
vague	-
vagueness	-
vain	-
vainly	-
valiant	+
valiantly	+
valid	+
validity	+
valor	+
valuable	+
value	+
values	+
vandalism	-
vanish	-
vanity	-
vanquish	+
vast	+
vastly	+
vastness	+
vehement	-
vehemently	-
venerable	+
venerably	+
venerate	+
vengeance	-
vengeful	-
vengefully	-
vengefulness	-
venom	-
venomous	-
venomously	-
vent	-
verifiable	+
veritable	+
versatile	+
versatility	+
very	=
vestiges	-
veto	-
vetoed	-
vex	-
vexation	-
vexing	-
vexingly	-
viability	+
viable	+
vibrancy	+
vibrant	+
vibrantly	+
vice	-
vicious	-
viciously	-
viciousness	-
victimize	-
victims	-
victorious	+
victory	+
vie	-
view	=
viewpoints	=
views	=
vigilance	+
vigilant	+
vigorous	+
vigorously	+
vile	-
vileness	-
vilify	-
villainous	-
villainously	-
villains	-
villian	-
villianous	-
villianously	-
villify	-
vindicate	+
vindictive	-
vindictively	-
vindictiveness	-
vintage	+
violate	-
violated	-
violates	-
violating	-
violation	-
violations	-
violator	-
violators	-
violence	-
violent	-
violently	-
viper	-
virtue	+
virtuous	+
virtuously	+
virulence	-
virulent	-
virulently	-
virus	-
visionary	+
vital	+
vitality	+
vitiate	-
vitiated	-
vitiates	-
vitiating	-
vitiation	-
vivacious	+
vivid	+
vocal	=
vocally	-
vociferous	-
vociferously	-
void	-
volatile	-
volatility	-
voluntarily	+
voluntary	+
vomit	-
vouch	+
vouchsafe	+
vow	+
vulgar	-
vulnerabilities	-
vulnerability	-
vulnerable	-
vulnerable	+
vulnerably	-
wail	-
wallow	-
wane	-
waning	-
want	+
wanton	-
war	-
war-like	-
warfare	-
warily	-
wariness	-
warlike	-
warm	+
warmhearted	+
warmly	+
warmth	+
warn	-
warned	-
warning	-
warnings	-
warns	-
warp	-
warped	-
wary	-
waste	-
wasted	-
wasteful	-
wastefulness	-
wasting	-
watchdog	-
wayward	-
weak	-
weaken	-
weakened	-
weakening	-
weakens	-
weaker	-
weakest	-
weakly	-
weakness	-
weaknesses	-
wealthy	+
weariness	-
wearisome	-
weary	-
wedge	-
wee	-
weed	-
weep	-
weird	-
weirdly	-
welcome	+
welfare	+
well	+
well-being	+
well-connected	+
well-educated	+
well-established	+
well-informed	+
well-intentioned	+
well-managed	+
well-positioned	+
well-publicized	+
well-received	+
well-regarded	+
well-run	+
well-wishers	+
wellbeing	+
whatever	-
wheedle	-
whiff	=
whimper	-
whimsical	+
whine	-
whips	-
white	+
wholeheartedly	+
wholesome	+
wicked	-
wickedly	-
wickedness	-
wide	+
wide-open	+
wide-ranging	+
widespread	-
wild	-
wildly	-
wiles	-
#will	+
willful	+
willfully	+
willing	+
willingness	+
wilt	-
wily	-
win	+
wince	-
wink	+
winnable	+
winner	+
winners	+
winning	+
wisdom	+
wise	+
wisely	+
wish	+
wishes	+
wishing	+
withheld	-
withhold	-
witty	+
woe	-
woebegone	-
woeful	-
woefully	-
wonder	+
wonderful	+
wonderfully	+
wonderous	+
wonderously	+
wondrous	+
woo	+
workable	+
world-famous	+
worn	-
worried	-
worriedly	-
worrier	-
worries	-
worrisome	-
worry	-
worrying	-
worryingly	-
worse	-
worsen	-
worsened	-
worsening	-
worsens	-
worship	+
worst	-
worth	+
worth-while	+
worthiness	+
worthless	-
worthlessly	-
worthlessness	-
worthwhile	+
worthy	+
would	=
wound	-
wounds	-
wow	+
wrangle	-
wrath	-
wreck	-
wrest	-
wrestle	-
wretch	-
wretched	-
wretchedly	-
wretchedness	-
writedown	-
writedowns	-
writeoff	-
writeoffs	-
writhe	-
wrong	-
wrongdoing	-
wrongdoings	-
wrongful	-
wrongfully	-
wrongly	-
wrought	-
wry	+
yawn	-
yeah	=
yearn	+
yearning	+
yearningly	+
yelp	-
yep	+
yes	+
youthful	+
zeal	+
zealot	-
zealous	-
zealously	-
zenith	+
zest	+
